2026-08-10 11:15:52.757: [INFO] CurrentProfilePath: C:\Users\sang0\Desktop\Java Full Stack\.metadata\.plugins\org.eclipse.swt\EBWebView\Default
2026-08-10 11:15:52.757: [INFO] Profiles total count: 1
2026-08-10 11:15:52.757: [INFO] Profile: name=Profile 1 path=C:\Users\sang0\Desktop\Java Full Stack\.metadata\.plugins\org.eclipse.swt\EBWebView\Default lastActive=null
2026-08-10 11:15:52.757: [INFO] LastUsedProfileDir: C:\Users\sang0\Desktop\Java Full Stack\.metadata\.plugins\org.eclipse.swt\EBWebView\Default
2026-08-10 11:15:52.757: [INFO] OnDoneLoading sync enabled: 0
2026-08-10 11:15:52.757: [INFO] BookmarkModelLoaded, ids_reassigned: 0
2026-08-10 11:15:52.757: [INFO] BookmarksLoadDropped droppedNodes=0
2026-08-10 11:15:52.757: [INFO] BookmarksSnapshot Startup total=0 bar=0 other=0 mobile=0 showBar=0 showBarNTP=1
2026-08-10 11:16:12.170: [INFO] BookmarksSnapshot Shutdown total=0 bar=0 other=0 mobile=0 showBar=0 showBarNTP=1
2026-08-10 11:22:33.286: [INFO] CurrentProfilePath: C:\Users\sang0\Desktop\Java Full Stack\.metadata\.plugins\org.eclipse.swt\EBWebView\Default
2026-08-10 11:22:33.286: [INFO] Profiles total count: 1
2026-08-10 11:22:33.287: [INFO] Profile: name=Profile 1 path=C:\Users\sang0\Desktop\Java Full Stack\.metadata\.plugins\org.eclipse.swt\EBWebView\Default lastActive=2026-08-10T11:16:27.943Z
2026-08-10 11:22:33.287: [INFO] LastUsedProfileDir: C:\Users\sang0\Desktop\Java Full Stack\.metadata\.plugins\org.eclipse.swt\EBWebView\Default
2026-08-10 11:22:33.287: [INFO] MostRecentlyActiveProfile: name=Profile 1 path=C:\Users\sang0\Desktop\Java Full Stack\.metadata\.plugins\org.eclipse.swt\EBWebView\Default lastActive=2026-08-10T11:16:27.943Z
2026-08-10 11:22:33.287: [INFO] OnDoneLoading sync enabled: 0
2026-08-10 11:22:33.287: [INFO] BookmarkModelLoaded, ids_reassigned: 0
2026-08-10 11:22:33.287: [INFO] BookmarksLoadDropped droppedNodes=0
2026-08-10 11:22:33.287: [INFO] BookmarksSnapshot Startup total=0 bar=0 other=0 mobile=0 showBar=0 showBarNTP=1
2026-08-10 11:23:09.761: [INFO] BookmarksSnapshot Shutdown total=0 bar=0 other=0 mobile=0 showBar=0 showBarNTP=1
2026-08-10 11:24:04.182: [INFO] CurrentProfilePath: C:\Users\sang0\Desktop\Java Full Stack\.metadata\.plugins\org.eclipse.swt\EBWebView\Default
2026-08-10 11:24:04.182: [INFO] Profiles total count: 1
2026-08-10 11:24:04.182: [INFO] Profile: name=Profile 1 path=C:\Users\sang0\Desktop\Java Full Stack\.metadata\.plugins\org.eclipse.swt\EBWebView\Default lastActive=2026-08-10T11:16:27.943Z
2026-08-10 11:24:04.182: [INFO] LastUsedProfileDir: C:\Users\sang0\Desktop\Java Full Stack\.metadata\.plugins\org.eclipse.swt\EBWebView\Default
2026-08-10 11:24:04.182: [INFO] MostRecentlyActiveProfile: name=Profile 1 path=C:\Users\sang0\Desktop\Java Full Stack\.metadata\.plugins\org.eclipse.swt\EBWebView\Default lastActive=2026-08-10T11:16:27.943Z
2026-08-10 11:24:04.182: [INFO] OnDoneLoading sync enabled: 0
2026-08-10 11:24:04.182: [INFO] BookmarkModelLoaded, ids_reassigned: 0
2026-08-10 11:24:04.182: [INFO] BookmarksLoadDropped droppedNodes=0
2026-08-10 11:24:04.182: [INFO] BookmarksSnapshot Startup total=0 bar=0 other=0 mobile=0 showBar=0 showBarNTP=1
2026-08-10 11:24:15.522: [INFO] BookmarksSnapshot Shutdown total=0 bar=0 other=0 mobile=0 showBar=0 showBarNTP=1
2026-08-10 13:13:07.107: [INFO] CurrentProfilePath: C:\Users\sang0\Desktop\Java Full Stack\.metadata\.plugins\org.eclipse.swt\EBWebView\Default
2026-08-10 13:13:07.107: [INFO] Profiles total count: 1
2026-08-10 13:13:07.110: [INFO] Profile: name=Profile 1 path=C:\Users\sang0\Desktop\Java Full Stack\.metadata\.plugins\org.eclipse.swt\EBWebView\Default lastActive=2026-08-10T12:11:36.153Z
2026-08-10 13:13:07.110: [INFO] LastUsedProfileDir: C:\Users\sang0\Desktop\Java Full Stack\.metadata\.plugins\org.eclipse.swt\EBWebView\Default
2026-08-10 13:13:07.110: [INFO] MostRecentlyActiveProfile: name=Profile 1 path=C:\Users\sang0\Desktop\Java Full Stack\.metadata\.plugins\org.eclipse.swt\EBWebView\Default lastActive=2026-08-10T12:11:36.153Z
2026-08-10 13:13:07.110: [INFO] OnDoneLoading sync enabled: 0
2026-08-10 13:13:07.110: [INFO] BookmarkModelLoaded, ids_reassigned: 0
2026-08-10 13:13:07.110: [INFO] BookmarksLoadDropped droppedNodes=0
2026-08-10 13:13:07.110: [INFO] BookmarksSnapshot Startup total=0 bar=0 other=0 mobile=0 showBar=0 showBarNTP=1
2026-08-10 13:13:09.723: [INFO] BookmarksSnapshot Shutdown total=0 bar=0 other=0 mobile=0 showBar=0 showBarNTP=1
2026-08-10 13:20:38.412: [INFO] CurrentProfilePath: C:\Users\sang0\Desktop\Java Full Stack\.metadata\.plugins\org.eclipse.swt\EBWebView\Default
2026-08-10 13:20:38.412: [INFO] Profiles total count: 1
2026-08-10 13:20:38.413: [INFO] Profile: name=Profile 1 path=C:\Users\sang0\Desktop\Java Full Stack\.metadata\.plugins\org.eclipse.swt\EBWebView\Default lastActive=2026-08-10T12:11:36.153Z
2026-08-10 13:20:38.413: [INFO] LastUsedProfileDir: C:\Users\sang0\Desktop\Java Full Stack\.metadata\.plugins\org.eclipse.swt\EBWebView\Default
2026-08-10 13:20:38.413: [INFO] MostRecentlyActiveProfile: name=Profile 1 path=C:\Users\sang0\Desktop\Java Full Stack\.metadata\.plugins\org.eclipse.swt\EBWebView\Default lastActive=2026-08-10T12:11:36.153Z
2026-08-10 13:20:38.413: [INFO] OnDoneLoading sync enabled: 0
2026-08-10 13:20:38.413: [INFO] BookmarkModelLoaded, ids_reassigned: 0
2026-08-10 13:20:38.413: [INFO] BookmarksLoadDropped droppedNodes=0
2026-08-10 13:20:38.413: [INFO] BookmarksSnapshot Startup total=0 bar=0 other=0 mobile=0 showBar=0 showBarNTP=1
2026-08-10 13:21:19.142: [INFO] BookmarksSnapshot Shutdown total=0 bar=0 other=0 mobile=0 showBar=0 showBarNTP=1
2026-08-11 02:56:35.215: [INFO] CurrentProfilePath: C:\Users\sang0\Desktop\Java Full Stack\.metadata\.plugins\org.eclipse.swt\EBWebView\Default
2026-08-11 02:56:35.215: [INFO] Profiles total count: 1
2026-08-11 02:56:35.216: [INFO] Profile: name=Profile 1 path=C:\Users\sang0\Desktop\Java Full Stack\.metadata\.plugins\org.eclipse.swt\EBWebView\Default lastActive=2026-08-11T02:56:11.318Z
2026-08-11 02:56:35.216: [INFO] LastUsedProfileDir: C:\Users\sang0\Desktop\Java Full Stack\.metadata\.plugins\org.eclipse.swt\EBWebView\Default
2026-08-11 02:56:35.216: [INFO] MostRecentlyActiveProfile: name=Profile 1 path=C:\Users\sang0\Desktop\Java Full Stack\.metadata\.plugins\org.eclipse.swt\EBWebView\Default lastActive=2026-08-11T02:56:11.318Z
2026-08-11 02:56:35.216: [INFO] OnDoneLoading sync enabled: 0
2026-08-11 02:56:35.216: [INFO] BookmarkModelLoaded, ids_reassigned: 0
2026-08-11 02:56:35.216: [INFO] BookmarksLoadDropped droppedNodes=0
2026-08-11 02:56:35.216: [INFO] BookmarksSnapshot Startup total=0 bar=0 other=0 mobile=0 showBar=0 showBarNTP=1
2026-08-11 04:13:46.658: [INFO] BookmarksSnapshot Shutdown total=0 bar=0 other=0 mobile=0 showBar=0 showBarNTP=1
2026-08-11 05:19:11.912: [INFO] CurrentProfilePath: C:\Users\sang0\Desktop\Java Full Stack\.metadata\.plugins\org.eclipse.swt\EBWebView\Default
2026-08-11 05:19:11.912: [INFO] Profiles total count: 1
2026-08-11 05:19:11.912: [INFO] Profile: name=Profile 1 path=C:\Users\sang0\Desktop\Java Full Stack\.metadata\.plugins\org.eclipse.swt\EBWebView\Default lastActive=2026-08-11T02:56:11.318Z
2026-08-11 05:19:11.912: [INFO] LastUsedProfileDir: C:\Users\sang0\Desktop\Java Full Stack\.metadata\.plugins\org.eclipse.swt\EBWebView\Default
2026-08-11 05:19:11.912: [INFO] MostRecentlyActiveProfile: name=Profile 1 path=C:\Users\sang0\Desktop\Java Full Stack\.metadata\.plugins\org.eclipse.swt\EBWebView\Default lastActive=2026-08-11T02:56:11.318Z
2026-08-11 05:19:11.912: [INFO] OnDoneLoading sync enabled: 0
2026-08-11 05:19:11.912: [INFO] BookmarkModelLoaded, ids_reassigned: 0
2026-08-11 05:19:11.912: [INFO] BookmarksLoadDropped droppedNodes=0
2026-08-11 05:19:11.912: [INFO] BookmarksSnapshot Startup total=0 bar=0 other=0 mobile=0 showBar=0 showBarNTP=1
2026-08-11 05:19:54.142: [INFO] BookmarksSnapshot Shutdown total=0 bar=0 other=0 mobile=0 showBar=0 showBarNTP=1
2026-08-11 05:23:17.282: [INFO] CurrentProfilePath: C:\Users\sang0\Desktop\Java Full Stack\.metadata\.plugins\org.eclipse.swt\EBWebView\Default
2026-08-11 05:23:17.282: [INFO] Profiles total count: 1
2026-08-11 05:23:17.282: [INFO] Profile: name=Profile 1 path=C:\Users\sang0\Desktop\Java Full Stack\.metadata\.plugins\org.eclipse.swt\EBWebView\Default lastActive=2026-08-11T05:19:52.428Z
2026-08-11 05:23:17.282: [INFO] LastUsedProfileDir: C:\Users\sang0\Desktop\Java Full Stack\.metadata\.plugins\org.eclipse.swt\EBWebView\Default
2026-08-11 05:23:17.282: [INFO] MostRecentlyActiveProfile: name=Profile 1 path=C:\Users\sang0\Desktop\Java Full Stack\.metadata\.plugins\org.eclipse.swt\EBWebView\Default lastActive=2026-08-11T05:19:52.428Z
2026-08-11 05:23:17.282: [INFO] OnDoneLoading sync enabled: 0
2026-08-11 05:23:17.282: [INFO] BookmarkModelLoaded, ids_reassigned: 0
2026-08-11 05:23:17.282: [INFO] BookmarksLoadDropped droppedNodes=0
2026-08-11 05:23:17.282: [INFO] BookmarksSnapshot Startup total=0 bar=0 other=0 mobile=0 showBar=0 showBarNTP=1
2026-08-11 05:23:20.656: [INFO] BookmarksSnapshot Shutdown total=0 bar=0 other=0 mobile=0 showBar=0 showBarNTP=1
2026-08-11 05:24:07.870: [INFO] CurrentProfilePath: C:\Users\sang0\Desktop\Java Full Stack\.metadata\.plugins\org.eclipse.swt\EBWebView\Default
2026-08-11 05:24:07.870: [INFO] Profiles total count: 1
2026-08-11 05:24:07.870: [INFO] Profile: name=Profile 1 path=C:\Users\sang0\Desktop\Java Full Stack\.metadata\.plugins\org.eclipse.swt\EBWebView\Default lastActive=2026-08-11T05:19:52.428Z
2026-08-11 05:24:07.870: [INFO] LastUsedProfileDir: C:\Users\sang0\Desktop\Java Full Stack\.metadata\.plugins\org.eclipse.swt\EBWebView\Default
2026-08-11 05:24:07.870: [INFO] MostRecentlyActiveProfile: name=Profile 1 path=C:\Users\sang0\Desktop\Java Full Stack\.metadata\.plugins\org.eclipse.swt\EBWebView\Default lastActive=2026-08-11T05:19:52.428Z
2026-08-11 05:24:07.870: [INFO] OnDoneLoading sync enabled: 0
2026-08-11 05:24:07.870: [INFO] BookmarkModelLoaded, ids_reassigned: 0
2026-08-11 05:24:07.870: [INFO] BookmarksLoadDropped droppedNodes=0
2026-08-11 05:24:07.870: [INFO] BookmarksSnapshot Startup total=0 bar=0 other=0 mobile=0 showBar=0 showBarNTP=1
2026-08-11 05:24:11.506: [INFO] BookmarksSnapshot Shutdown total=0 bar=0 other=0 mobile=0 showBar=0 showBarNTP=1
2026-08-11 05:27:51.191: [INFO] CurrentProfilePath: C:\Users\sang0\Desktop\Java Full Stack\.metadata\.plugins\org.eclipse.swt\EBWebView\Default
2026-08-11 05:27:51.191: [INFO] Profiles total count: 1
2026-08-11 05:27:51.191: [INFO] Profile: name=Profile 1 path=C:\Users\sang0\Desktop\Java Full Stack\.metadata\.plugins\org.eclipse.swt\EBWebView\Default lastActive=2026-08-11T05:19:52.428Z
2026-08-11 05:27:51.191: [INFO] LastUsedProfileDir: C:\Users\sang0\Desktop\Java Full Stack\.metadata\.plugins\org.eclipse.swt\EBWebView\Default
2026-08-11 05:27:51.191: [INFO] MostRecentlyActiveProfile: name=Profile 1 path=C:\Users\sang0\Desktop\Java Full Stack\.metadata\.plugins\org.eclipse.swt\EBWebView\Default lastActive=2026-08-11T05:19:52.428Z
2026-08-11 05:27:51.191: [INFO] OnDoneLoading sync enabled: 0
2026-08-11 05:27:51.191: [INFO] BookmarkModelLoaded, ids_reassigned: 0
2026-08-11 05:27:51.191: [INFO] BookmarksLoadDropped droppedNodes=0
2026-08-11 05:27:51.191: [INFO] BookmarksSnapshot Startup total=0 bar=0 other=0 mobile=0 showBar=0 showBarNTP=1
2026-08-11 05:28:43.805: [INFO] BookmarksSnapshot Shutdown total=0 bar=0 other=0 mobile=0 showBar=0 showBarNTP=1
2026-08-11 05:28:43.983: [INFO] CurrentProfilePath: C:\Users\sang0\Desktop\Java Full Stack\.metadata\.plugins\org.eclipse.swt\EBWebView\Default
2026-08-11 05:28:43.983: [INFO] Profiles total count: 1
2026-08-11 05:28:43.983: [INFO] Profile: name=Profile 1 path=C:\Users\sang0\Desktop\Java Full Stack\.metadata\.plugins\org.eclipse.swt\EBWebView\Default lastActive=2026-08-11T05:19:52.428Z
2026-08-11 05:28:43.983: [INFO] LastUsedProfileDir: C:\Users\sang0\Desktop\Java Full Stack\.metadata\.plugins\org.eclipse.swt\EBWebView\Default
2026-08-11 05:28:43.983: [INFO] MostRecentlyActiveProfile: name=Profile 1 path=C:\Users\sang0\Desktop\Java Full Stack\.metadata\.plugins\org.eclipse.swt\EBWebView\Default lastActive=2026-08-11T05:19:52.428Z
2026-08-11 05:28:43.983: [INFO] OnDoneLoading sync enabled: 0
2026-08-11 05:28:43.983: [INFO] BookmarkModelLoaded, ids_reassigned: 0
2026-08-11 05:28:43.983: [INFO] BookmarksLoadDropped droppedNodes=0
2026-08-11 05:28:43.983: [INFO] BookmarksSnapshot Startup total=0 bar=0 other=0 mobile=0 showBar=0 showBarNTP=1
2026-08-11 07:04:16.646: [INFO] BookmarksSnapshot Shutdown total=0 bar=0 other=0 mobile=0 showBar=0 showBarNTP=1
2026-08-11 08:01:40.446: [INFO] CurrentProfilePath: C:\Users\sang0\Desktop\Java Full Stack\.metadata\.plugins\org.eclipse.swt\EBWebView\Default
2026-08-11 08:01:40.446: [INFO] Profiles total count: 1
2026-08-11 08:01:40.447: [INFO] Profile: name=Profile 1 path=C:\Users\sang0\Desktop\Java Full Stack\.metadata\.plugins\org.eclipse.swt\EBWebView\Default lastActive=2026-08-11T05:53:30.745Z
2026-08-11 08:01:40.447: [INFO] LastUsedProfileDir: C:\Users\sang0\Desktop\Java Full Stack\.metadata\.plugins\org.eclipse.swt\EBWebView\Default
2026-08-11 08:01:40.447: [INFO] MostRecentlyActiveProfile: name=Profile 1 path=C:\Users\sang0\Desktop\Java Full Stack\.metadata\.plugins\org.eclipse.swt\EBWebView\Default lastActive=2026-08-11T05:53:30.745Z
2026-08-11 08:01:40.447: [INFO] OnDoneLoading sync enabled: 0
2026-08-11 08:01:40.447: [INFO] BookmarkModelLoaded, ids_reassigned: 0
2026-08-11 08:01:40.447: [INFO] BookmarksLoadDropped droppedNodes=0
2026-08-11 08:01:40.447: [INFO] BookmarksSnapshot Startup total=0 bar=0 other=0 mobile=0 showBar=0 showBarNTP=1
2026-08-11 08:07:14.649: [INFO] BookmarksSnapshot Shutdown total=0 bar=0 other=0 mobile=0 showBar=0 showBarNTP=1
2026-08-11 08:07:54.095: [INFO] CurrentProfilePath: C:\Users\sang0\Desktop\Java Full Stack\.metadata\.plugins\org.eclipse.swt\EBWebView\Default
2026-08-11 08:07:54.095: [INFO] Profiles total count: 1
2026-08-11 08:07:54.095: [INFO] Profile: name=Profile 1 path=C:\Users\sang0\Desktop\Java Full Stack\.metadata\.plugins\org.eclipse.swt\EBWebView\Default lastActive=2026-08-11T08:07:09.870Z
2026-08-11 08:07:54.095: [INFO] LastUsedProfileDir: C:\Users\sang0\Desktop\Java Full Stack\.metadata\.plugins\org.eclipse.swt\EBWebView\Default
2026-08-11 08:07:54.095: [INFO] MostRecentlyActiveProfile: name=Profile 1 path=C:\Users\sang0\Desktop\Java Full Stack\.metadata\.plugins\org.eclipse.swt\EBWebView\Default lastActive=2026-08-11T08:07:09.870Z
2026-08-11 08:07:54.095: [INFO] OnDoneLoading sync enabled: 0
2026-08-11 08:07:54.095: [INFO] BookmarkModelLoaded, ids_reassigned: 0
2026-08-11 08:07:54.095: [INFO] BookmarksLoadDropped droppedNodes=0
2026-08-11 08:07:54.095: [INFO] BookmarksSnapshot Startup total=0 bar=0 other=0 mobile=0 showBar=0 showBarNTP=1
2026-08-11 08:55:10.728: [INFO] BookmarksSnapshot Shutdown total=0 bar=0 other=0 mobile=0 showBar=0 showBarNTP=1
2026-08-11 12:22:48.823: [INFO] CurrentProfilePath: C:\Users\sang0\Desktop\Java Full Stack\.metadata\.plugins\org.eclipse.swt\EBWebView\Default
2026-08-11 12:22:48.823: [INFO] Profiles total count: 1
2026-08-11 12:22:48.825: [INFO] Profile: name=Profile 1 path=C:\Users\sang0\Desktop\Java Full Stack\.metadata\.plugins\org.eclipse.swt\EBWebView\Default lastActive=2026-08-11T08:07:09.870Z
2026-08-11 12:22:48.825: [INFO] LastUsedProfileDir: C:\Users\sang0\Desktop\Java Full Stack\.metadata\.plugins\org.eclipse.swt\EBWebView\Default
2026-08-11 12:22:48.826: [INFO] MostRecentlyActiveProfile: name=Profile 1 path=C:\Users\sang0\Desktop\Java Full Stack\.metadata\.plugins\org.eclipse.swt\EBWebView\Default lastActive=2026-08-11T08:07:09.870Z
2026-08-11 12:22:48.826: [INFO] OnDoneLoading sync enabled: 0
2026-08-11 12:22:48.826: [INFO] BookmarkModelLoaded, ids_reassigned: 0
2026-08-11 12:22:48.826: [INFO] BookmarksLoadDropped droppedNodes=0
2026-08-11 12:22:48.826: [INFO] BookmarksSnapshot Startup total=0 bar=0 other=0 mobile=0 showBar=0 showBarNTP=1
2026-08-11 12:23:05.014: [INFO] BookmarksSnapshot Shutdown total=0 bar=0 other=0 mobile=0 showBar=0 showBarNTP=1
2026-08-11 13:15:31.847: [INFO] CurrentProfilePath: C:\Users\sang0\Desktop\Java Full Stack\.metadata\.plugins\org.eclipse.swt\EBWebView\Default
2026-08-11 13:15:31.847: [INFO] Profiles total count: 1
2026-08-11 13:15:31.847: [INFO] Profile: name=Profile 1 path=C:\Users\sang0\Desktop\Java Full Stack\.metadata\.plugins\org.eclipse.swt\EBWebView\Default lastActive=2026-08-11T12:23:04.546Z
2026-08-11 13:15:31.847: [INFO] LastUsedProfileDir: C:\Users\sang0\Desktop\Java Full Stack\.metadata\.plugins\org.eclipse.swt\EBWebView\Default
2026-08-11 13:15:31.848: [INFO] MostRecentlyActiveProfile: name=Profile 1 path=C:\Users\sang0\Desktop\Java Full Stack\.metadata\.plugins\org.eclipse.swt\EBWebView\Default lastActive=2026-08-11T12:23:04.546Z
2026-08-11 13:15:31.848: [INFO] OnDoneLoading sync enabled: 0
2026-08-11 13:15:31.848: [INFO] BookmarkModelLoaded, ids_reassigned: 0
2026-08-11 13:15:31.848: [INFO] BookmarksLoadDropped droppedNodes=0
2026-08-11 13:15:31.848: [INFO] BookmarksSnapshot Startup total=0 bar=0 other=0 mobile=0 showBar=0 showBarNTP=1
2026-08-11 13:54:43.514: [INFO] BookmarksSnapshot Shutdown total=0 bar=0 other=0 mobile=0 showBar=0 showBarNTP=1
2026-08-12 02:43:55.125: [INFO] CurrentProfilePath: C:\Users\sang0\Desktop\Java Full Stack\.metadata\.plugins\org.eclipse.swt\EBWebView\Default
2026-08-12 02:43:55.125: [INFO] Profiles total count: 1
2026-08-12 02:43:55.125: [INFO] Profile: name=Profile 1 path=C:\Users\sang0\Desktop\Java Full Stack\.metadata\.plugins\org.eclipse.swt\EBWebView\Default lastActive=2026-08-11T12:23:04.546Z
2026-08-12 02:43:55.125: [INFO] LastUsedProfileDir: C:\Users\sang0\Desktop\Java Full Stack\.metadata\.plugins\org.eclipse.swt\EBWebView\Default
2026-08-12 02:43:55.125: [INFO] MostRecentlyActiveProfile: name=Profile 1 path=C:\Users\sang0\Desktop\Java Full Stack\.metadata\.plugins\org.eclipse.swt\EBWebView\Default lastActive=2026-08-11T12:23:04.546Z
2026-08-12 02:43:55.125: [INFO] OnDoneLoading sync enabled: 0
2026-08-12 02:43:55.125: [INFO] BookmarkModelLoaded, ids_reassigned: 0
2026-08-12 02:43:55.125: [INFO] BookmarksLoadDropped droppedNodes=0
2026-08-12 02:43:55.125: [INFO] BookmarksSnapshot Startup total=0 bar=0 other=0 mobile=0 showBar=0 showBarNTP=1
2026-08-12 02:44:04.874: [INFO] BookmarksSnapshot Shutdown total=0 bar=0 other=0 mobile=0 showBar=0 showBarNTP=1
2026-08-12 05:48:17.498: [INFO] CurrentProfilePath: C:\Users\sang0\Desktop\Java Full Stack\.metadata\.plugins\org.eclipse.swt\EBWebView\Default
2026-08-12 05:48:17.498: [INFO] Profiles total count: 1
2026-08-12 05:48:17.499: [INFO] Profile: name=Profile 1 path=C:\Users\sang0\Desktop\Java Full Stack\.metadata\.plugins\org.eclipse.swt\EBWebView\Default lastActive=2026-08-11T12:23:04.546Z
2026-08-12 05:48:17.499: [INFO] LastUsedProfileDir: C:\Users\sang0\Desktop\Java Full Stack\.metadata\.plugins\org.eclipse.swt\EBWebView\Default
2026-08-12 05:48:17.499: [INFO] MostRecentlyActiveProfile: name=Profile 1 path=C:\Users\sang0\Desktop\Java Full Stack\.metadata\.plugins\org.eclipse.swt\EBWebView\Default lastActive=2026-08-11T12:23:04.546Z
2026-08-12 05:48:17.499: [INFO] OnDoneLoading sync enabled: 0
2026-08-12 05:48:17.499: [INFO] BookmarkModelLoaded, ids_reassigned: 0
2026-08-12 05:48:17.499: [INFO] BookmarksLoadDropped droppedNodes=0
2026-08-12 05:48:17.499: [INFO] BookmarksSnapshot Startup total=0 bar=0 other=0 mobile=0 showBar=0 showBarNTP=1
2026-08-12 05:48:17.887: [INFO] BookmarksSnapshot Shutdown total=0 bar=0 other=0 mobile=0 showBar=0 showBarNTP=1
2026-08-12 05:50:31.655: [INFO] CurrentProfilePath: C:\Users\sang0\Desktop\Java Full Stack\.metadata\.plugins\org.eclipse.swt\EBWebView\Default
2026-08-12 05:50:31.655: [INFO] Profiles total count: 1
2026-08-12 05:50:31.656: [INFO] Profile: name=Profile 1 path=C:\Users\sang0\Desktop\Java Full Stack\.metadata\.plugins\org.eclipse.swt\EBWebView\Default lastActive=2026-08-11T12:23:04.546Z
2026-08-12 05:50:31.656: [INFO] LastUsedProfileDir: C:\Users\sang0\Desktop\Java Full Stack\.metadata\.plugins\org.eclipse.swt\EBWebView\Default
2026-08-12 05:50:31.656: [INFO] MostRecentlyActiveProfile: name=Profile 1 path=C:\Users\sang0\Desktop\Java Full Stack\.metadata\.plugins\org.eclipse.swt\EBWebView\Default lastActive=2026-08-11T12:23:04.546Z
2026-08-12 05:50:31.656: [INFO] OnDoneLoading sync enabled: 0
2026-08-12 05:50:31.656: [INFO] BookmarkModelLoaded, ids_reassigned: 0
2026-08-12 05:50:31.656: [INFO] BookmarksLoadDropped droppedNodes=0
2026-08-12 05:50:31.656: [INFO] BookmarksSnapshot Startup total=0 bar=0 other=0 mobile=0 showBar=0 showBarNTP=1
2026-08-12 05:55:24.934: [INFO] BookmarksSnapshot Shutdown total=0 bar=0 other=0 mobile=0 showBar=0 showBarNTP=1
2026-08-12 05:55:25.127: [INFO] CurrentProfilePath: C:\Users\sang0\Desktop\Java Full Stack\.metadata\.plugins\org.eclipse.swt\EBWebView\Default
2026-08-12 05:55:25.127: [INFO] Profiles total count: 1
2026-08-12 05:55:25.127: [INFO] Profile: name=Profile 1 path=C:\Users\sang0\Desktop\Java Full Stack\.metadata\.plugins\org.eclipse.swt\EBWebView\Default lastActive=2026-08-11T12:23:04.546Z
2026-08-12 05:55:25.127: [INFO] LastUsedProfileDir: C:\Users\sang0\Desktop\Java Full Stack\.metadata\.plugins\org.eclipse.swt\EBWebView\Default
2026-08-12 05:55:25.127: [INFO] MostRecentlyActiveProfile: name=Profile 1 path=C:\Users\sang0\Desktop\Java Full Stack\.metadata\.plugins\org.eclipse.swt\EBWebView\Default lastActive=2026-08-11T12:23:04.546Z
2026-08-12 05:55:25.127: [INFO] OnDoneLoading sync enabled: 0
2026-08-12 05:55:25.127: [INFO] BookmarkModelLoaded, ids_reassigned: 0
2026-08-12 05:55:25.127: [INFO] BookmarksLoadDropped droppedNodes=0
2026-08-12 05:55:25.127: [INFO] BookmarksSnapshot Startup total=0 bar=0 other=0 mobile=0 showBar=0 showBarNTP=1
2026-08-12 06:43:43.898: [INFO] BookmarksSnapshot Shutdown total=0 bar=0 other=0 mobile=0 showBar=0 showBarNTP=1
2026-08-12 07:21:25.988: [INFO] CurrentProfilePath: C:\Users\sang0\Desktop\Java Full Stack\.metadata\.plugins\org.eclipse.swt\EBWebView\Default
2026-08-12 07:21:25.988: [INFO] Profiles total count: 1
2026-08-12 07:21:25.988: [INFO] Profile: name=Profile 1 path=C:\Users\sang0\Desktop\Java Full Stack\.metadata\.plugins\org.eclipse.swt\EBWebView\Default lastActive=2026-08-11T12:23:04.546Z
2026-08-12 07:21:25.988: [INFO] LastUsedProfileDir: C:\Users\sang0\Desktop\Java Full Stack\.metadata\.plugins\org.eclipse.swt\EBWebView\Default
2026-08-12 07:21:25.988: [INFO] MostRecentlyActiveProfile: name=Profile 1 path=C:\Users\sang0\Desktop\Java Full Stack\.metadata\.plugins\org.eclipse.swt\EBWebView\Default lastActive=2026-08-11T12:23:04.546Z
2026-08-12 07:21:25.989: [INFO] OnDoneLoading sync enabled: 0
2026-08-12 07:21:25.989: [INFO] BookmarkModelLoaded, ids_reassigned: 0
2026-08-12 07:21:25.989: [INFO] BookmarksLoadDropped droppedNodes=0
2026-08-12 07:21:25.989: [INFO] BookmarksSnapshot Startup total=0 bar=0 other=0 mobile=0 showBar=0 showBarNTP=1
2026-08-12 07:24:29.417: [INFO] BookmarksSnapshot Shutdown total=0 bar=0 other=0 mobile=0 showBar=0 showBarNTP=1
2026-08-12 11:58:54.707: [INFO] CurrentProfilePath: C:\Users\sang0\Desktop\Java Full Stack\.metadata\.plugins\org.eclipse.swt\EBWebView\Default
2026-08-12 11:58:54.707: [INFO] Profiles total count: 1
2026-08-12 11:58:54.707: [INFO] Profile: name=Profile 1 path=C:\Users\sang0\Desktop\Java Full Stack\.metadata\.plugins\org.eclipse.swt\EBWebView\Default lastActive=2026-08-12T07:24:27.429Z
2026-08-12 11:58:54.707: [INFO] LastUsedProfileDir: C:\Users\sang0\Desktop\Java Full Stack\.metadata\.plugins\org.eclipse.swt\EBWebView\Default
2026-08-12 11:58:54.707: [INFO] MostRecentlyActiveProfile: name=Profile 1 path=C:\Users\sang0\Desktop\Java Full Stack\.metadata\.plugins\org.eclipse.swt\EBWebView\Default lastActive=2026-08-12T07:24:27.429Z
2026-08-12 11:58:54.707: [INFO] OnDoneLoading sync enabled: 0
2026-08-12 11:58:54.707: [INFO] BookmarkModelLoaded, ids_reassigned: 0
2026-08-12 11:58:54.707: [INFO] BookmarksLoadDropped droppedNodes=0
2026-08-12 11:58:54.707: [INFO] BookmarksSnapshot Startup total=0 bar=0 other=0 mobile=0 showBar=0 showBarNTP=1
2026-08-12 12:01:02.502: [INFO] BookmarksSnapshot Shutdown total=0 bar=0 other=0 mobile=0 showBar=0 showBarNTP=1
2026-08-14 04:51:43.580: [INFO] CurrentProfilePath: C:\Users\sang0\Desktop\Java Full Stack\.metadata\.plugins\org.eclipse.swt\EBWebView\Default
2026-08-14 04:51:43.580: [INFO] Profiles total count: 1
2026-08-14 04:51:43.581: [INFO] Profile: name=Profile 1 path=C:\Users\sang0\Desktop\Java Full Stack\.metadata\.plugins\org.eclipse.swt\EBWebView\Default lastActive=2026-08-12T12:01:00.763Z
2026-08-14 04:51:43.581: [INFO] LastUsedProfileDir: C:\Users\sang0\Desktop\Java Full Stack\.metadata\.plugins\org.eclipse.swt\EBWebView\Default
2026-08-14 04:51:43.581: [INFO] MostRecentlyActiveProfile: name=Profile 1 path=C:\Users\sang0\Desktop\Java Full Stack\.metadata\.plugins\org.eclipse.swt\EBWebView\Default lastActive=2026-08-12T12:01:00.763Z
2026-08-14 04:51:43.581: [INFO] OnDoneLoading sync enabled: 0
2026-08-14 04:51:43.581: [INFO] BookmarkModelLoaded, ids_reassigned: 0
2026-08-14 04:51:43.581: [INFO] BookmarksLoadDropped droppedNodes=0
2026-08-14 04:51:43.581: [INFO] BookmarksSnapshot Startup total=0 bar=0 other=0 mobile=0 showBar=0 showBarNTP=1
2026-08-14 04:55:06.871: [INFO] BookmarksSnapshot Shutdown total=0 bar=0 other=0 mobile=0 showBar=0 showBarNTP=1
2026-08-14 05:22:31.870: [INFO] CurrentProfilePath: C:\Users\sang0\Desktop\Java Full Stack\.metadata\.plugins\org.eclipse.swt\EBWebView\Default
2026-08-14 05:22:31.870: [INFO] Profiles total count: 1
2026-08-14 05:22:31.872: [INFO] Profile: name=Profile 1 path=C:\Users\sang0\Desktop\Java Full Stack\.metadata\.plugins\org.eclipse.swt\EBWebView\Default lastActive=2026-08-14T04:55:05.209Z
2026-08-14 05:22:31.872: [INFO] LastUsedProfileDir: C:\Users\sang0\Desktop\Java Full Stack\.metadata\.plugins\org.eclipse.swt\EBWebView\Default
2026-08-14 05:22:31.873: [INFO] MostRecentlyActiveProfile: name=Profile 1 path=C:\Users\sang0\Desktop\Java Full Stack\.metadata\.plugins\org.eclipse.swt\EBWebView\Default lastActive=2026-08-14T04:55:05.209Z
2026-08-14 05:22:31.873: [INFO] OnDoneLoading sync enabled: 0
2026-08-14 05:22:31.873: [INFO] BookmarkModelLoaded, ids_reassigned: 0
2026-08-14 05:22:31.873: [INFO] BookmarksLoadDropped droppedNodes=0
2026-08-14 05:22:31.873: [INFO] BookmarksSnapshot Startup total=0 bar=0 other=0 mobile=0 showBar=0 showBarNTP=1
2026-08-14 06:40:16.993: [INFO] BookmarksSnapshot Shutdown total=0 bar=0 other=0 mobile=0 showBar=0 showBarNTP=1
2026-08-14 09:06:56.447: [INFO] CurrentProfilePath: C:\Users\sang0\Desktop\Java Full Stack\.metadata\.plugins\org.eclipse.swt\EBWebView\Default
2026-08-14 09:06:56.447: [INFO] Profiles total count: 1
2026-08-14 09:06:56.461: [INFO] Profile: name=Profile 1 path=C:\Users\sang0\Desktop\Java Full Stack\.metadata\.plugins\org.eclipse.swt\EBWebView\Default lastActive=2026-08-14T05:23:01.603Z
2026-08-14 09:06:56.461: [INFO] LastUsedProfileDir: C:\Users\sang0\Desktop\Java Full Stack\.metadata\.plugins\org.eclipse.swt\EBWebView\Default
2026-08-14 09:06:56.461: [INFO] MostRecentlyActiveProfile: name=Profile 1 path=C:\Users\sang0\Desktop\Java Full Stack\.metadata\.plugins\org.eclipse.swt\EBWebView\Default lastActive=2026-08-14T05:23:01.603Z
2026-08-14 09:06:56.461: [INFO] OnDoneLoading sync enabled: 0
2026-08-14 09:06:56.461: [INFO] BookmarkModelLoaded, ids_reassigned: 0
2026-08-14 09:06:56.461: [INFO] BookmarksLoadDropped droppedNodes=0
2026-08-14 09:06:56.461: [INFO] BookmarksSnapshot Startup total=0 bar=0 other=0 mobile=0 showBar=0 showBarNTP=1
2026-08-14 09:07:15.818: [INFO] BookmarksSnapshot Shutdown total=0 bar=0 other=0 mobile=0 showBar=0 showBarNTP=1
2026-08-16 12:17:14.755: [INFO] CurrentProfilePath: C:\Users\sang0\Desktop\Java Full Stack\.metadata\.plugins\org.eclipse.swt\EBWebView\Default
2026-08-16 12:17:14.755: [INFO] Profiles total count: 1
2026-08-16 12:17:14.756: [INFO] Profile: name=Profile 1 path=C:\Users\sang0\Desktop\Java Full Stack\.metadata\.plugins\org.eclipse.swt\EBWebView\Default lastActive=2026-08-14T09:07:14.098Z
2026-08-16 12:17:14.756: [INFO] LastUsedProfileDir: C:\Users\sang0\Desktop\Java Full Stack\.metadata\.plugins\org.eclipse.swt\EBWebView\Default
2026-08-16 12:17:14.756: [INFO] MostRecentlyActiveProfile: name=Profile 1 path=C:\Users\sang0\Desktop\Java Full Stack\.metadata\.plugins\org.eclipse.swt\EBWebView\Default lastActive=2026-08-14T09:07:14.098Z
2026-08-16 12:17:14.756: [INFO] OnDoneLoading sync enabled: 0
2026-08-16 12:17:14.756: [INFO] BookmarkModelLoaded, ids_reassigned: 0
2026-08-16 12:17:14.756: [INFO] BookmarksLoadDropped droppedNodes=0
2026-08-16 12:17:14.756: [INFO] BookmarksSnapshot Startup total=0 bar=0 other=0 mobile=0 showBar=0 showBarNTP=1
2026-08-16 12:35:44.706: [INFO] BookmarksSnapshot Shutdown total=0 bar=0 other=0 mobile=0 showBar=0 showBarNTP=1
2026-08-16 12:35:44.874: [INFO] CurrentProfilePath: C:\Users\sang0\Desktop\Java Full Stack\.metadata\.plugins\org.eclipse.swt\EBWebView\Default
2026-08-16 12:35:44.874: [INFO] Profiles total count: 1
2026-08-16 12:35:44.874: [INFO] Profile: name=Profile 1 path=C:\Users\sang0\Desktop\Java Full Stack\.metadata\.plugins\org.eclipse.swt\EBWebView\Default lastActive=2026-08-14T09:07:14.098Z
2026-08-16 12:35:44.874: [INFO] LastUsedProfileDir: C:\Users\sang0\Desktop\Java Full Stack\.metadata\.plugins\org.eclipse.swt\EBWebView\Default
2026-08-16 12:35:44.874: [INFO] MostRecentlyActiveProfile: name=Profile 1 path=C:\Users\sang0\Desktop\Java Full Stack\.metadata\.plugins\org.eclipse.swt\EBWebView\Default lastActive=2026-08-14T09:07:14.098Z
2026-08-16 12:35:44.874: [INFO] OnDoneLoading sync enabled: 0
2026-08-16 12:35:44.874: [INFO] BookmarkModelLoaded, ids_reassigned: 0
2026-08-16 12:35:44.874: [INFO] BookmarksLoadDropped droppedNodes=0
2026-08-16 12:35:44.874: [INFO] BookmarksSnapshot Startup total=0 bar=0 other=0 mobile=0 showBar=0 showBarNTP=1
2026-08-16 14:29:18.642: [INFO] BookmarksSnapshot Shutdown total=0 bar=0 other=0 mobile=0 showBar=0 showBarNTP=1
2026-08-18 05:41:01.933: [INFO] CurrentProfilePath: C:\Users\sang0\Desktop\Java Full Stack\.metadata\.plugins\org.eclipse.swt\EBWebView\Default
2026-08-18 05:41:01.933: [INFO] Profiles total count: 1
2026-08-18 05:41:01.935: [INFO] Profile: name=Profile 1 path=C:\Users\sang0\Desktop\Java Full Stack\.metadata\.plugins\org.eclipse.swt\EBWebView\Default lastActive=2026-08-14T09:07:14.098Z
2026-08-18 05:41:01.935: [INFO] LastUsedProfileDir: C:\Users\sang0\Desktop\Java Full Stack\.metadata\.plugins\org.eclipse.swt\EBWebView\Default
2026-08-18 05:41:01.935: [INFO] MostRecentlyActiveProfile: name=Profile 1 path=C:\Users\sang0\Desktop\Java Full Stack\.metadata\.plugins\org.eclipse.swt\EBWebView\Default lastActive=2026-08-14T09:07:14.098Z
2026-08-18 05:41:01.935: [INFO] OnDoneLoading sync enabled: 0
2026-08-18 05:41:01.935: [INFO] BookmarkModelLoaded, ids_reassigned: 0
2026-08-18 05:41:01.935: [INFO] BookmarksLoadDropped droppedNodes=0
2026-08-18 05:41:01.935: [INFO] BookmarksSnapshot Startup total=0 bar=0 other=0 mobile=0 showBar=0 showBarNTP=1
2026-08-18 05:48:43.852: [INFO] BookmarksSnapshot Shutdown total=0 bar=0 other=0 mobile=0 showBar=0 showBarNTP=1
2026-08-18 05:49:52.146: [INFO] CurrentProfilePath: C:\Users\sang0\Desktop\Java Full Stack\.metadata\.plugins\org.eclipse.swt\EBWebView\Default
2026-08-18 05:49:52.146: [INFO] Profiles total count: 1
2026-08-18 05:49:52.147: [INFO] Profile: name=Profile 1 path=C:\Users\sang0\Desktop\Java Full Stack\.metadata\.plugins\org.eclipse.swt\EBWebView\Default lastActive=2026-08-18T05:48:41.969Z
2026-08-18 05:49:52.147: [INFO] LastUsedProfileDir: C:\Users\sang0\Desktop\Java Full Stack\.metadata\.plugins\org.eclipse.swt\EBWebView\Default
2026-08-18 05:49:52.147: [INFO] MostRecentlyActiveProfile: name=Profile 1 path=C:\Users\sang0\Desktop\Java Full Stack\.metadata\.plugins\org.eclipse.swt\EBWebView\Default lastActive=2026-08-18T05:48:41.969Z
2026-08-18 05:49:52.147: [INFO] OnDoneLoading sync enabled: 0
2026-08-18 05:49:52.147: [INFO] BookmarkModelLoaded, ids_reassigned: 0
2026-08-18 05:49:52.147: [INFO] BookmarksLoadDropped droppedNodes=0
2026-08-18 05:49:52.147: [INFO] BookmarksSnapshot Startup total=0 bar=0 other=0 mobile=0 showBar=0 showBarNTP=1
2026-08-18 06:41:54.356: [INFO] BookmarksSnapshot Shutdown total=0 bar=0 other=0 mobile=0 showBar=0 showBarNTP=1
2026-08-19 03:04:37.317: [INFO] CurrentProfilePath: C:\Users\sang0\Desktop\Java Full Stack\.metadata\.plugins\org.eclipse.swt\EBWebView\Default
2026-08-19 03:04:37.317: [INFO] Profiles total count: 1
2026-08-19 03:04:37.318: [INFO] Profile: name=Profile 1 path=C:\Users\sang0\Desktop\Java Full Stack\.metadata\.plugins\org.eclipse.swt\EBWebView\Default lastActive=2026-08-18T05:48:41.969Z
2026-08-19 03:04:37.318: [INFO] LastUsedProfileDir: C:\Users\sang0\Desktop\Java Full Stack\.metadata\.plugins\org.eclipse.swt\EBWebView\Default
2026-08-19 03:04:37.318: [INFO] MostRecentlyActiveProfile: name=Profile 1 path=C:\Users\sang0\Desktop\Java Full Stack\.metadata\.plugins\org.eclipse.swt\EBWebView\Default lastActive=2026-08-18T05:48:41.969Z
2026-08-19 03:04:37.318: [INFO] OnDoneLoading sync enabled: 0
2026-08-19 03:04:37.318: [INFO] BookmarkModelLoaded, ids_reassigned: 0
2026-08-19 03:04:37.318: [INFO] BookmarksLoadDropped droppedNodes=0
2026-08-19 03:04:37.318: [INFO] BookmarksSnapshot Startup total=0 bar=0 other=0 mobile=0 showBar=0 showBarNTP=1
2026-08-19 03:05:19.860: [INFO] BookmarksSnapshot Shutdown total=0 bar=0 other=0 mobile=0 showBar=0 showBarNTP=1
2026-08-19 03:19:22.097: [INFO] CurrentProfilePath: C:\Users\sang0\Desktop\Java Full Stack\.metadata\.plugins\org.eclipse.swt\EBWebView\Default
2026-08-19 03:19:22.097: [INFO] Profiles total count: 1
2026-08-19 03:19:22.098: [INFO] Profile: name=Profile 1 path=C:\Users\sang0\Desktop\Java Full Stack\.metadata\.plugins\org.eclipse.swt\EBWebView\Default lastActive=2026-08-19T03:05:18.078Z
2026-08-19 03:19:22.098: [INFO] LastUsedProfileDir: C:\Users\sang0\Desktop\Java Full Stack\.metadata\.plugins\org.eclipse.swt\EBWebView\Default
2026-08-19 03:19:22.098: [INFO] MostRecentlyActiveProfile: name=Profile 1 path=C:\Users\sang0\Desktop\Java Full Stack\.metadata\.plugins\org.eclipse.swt\EBWebView\Default lastActive=2026-08-19T03:05:18.078Z
2026-08-19 03:19:22.098: [INFO] OnDoneLoading sync enabled: 0
2026-08-19 03:19:22.098: [INFO] BookmarkModelLoaded, ids_reassigned: 0
2026-08-19 03:19:22.098: [INFO] BookmarksLoadDropped droppedNodes=0
2026-08-19 03:19:22.098: [INFO] BookmarksSnapshot Startup total=0 bar=0 other=0 mobile=0 showBar=0 showBarNTP=1
2026-08-19 04:43:23.226: [INFO] BookmarksSnapshot Shutdown total=0 bar=0 other=0 mobile=0 showBar=0 showBarNTP=1
2026-08-19 05:24:16.115: [INFO] CurrentProfilePath: C:\Users\sang0\Desktop\Java Full Stack\.metadata\.plugins\org.eclipse.swt\EBWebView\Default
2026-08-19 05:24:16.115: [INFO] Profiles total count: 1
2026-08-19 05:24:16.115: [INFO] Profile: name=Profile 1 path=C:\Users\sang0\Desktop\Java Full Stack\.metadata\.plugins\org.eclipse.swt\EBWebView\Default lastActive=2026-08-19T03:05:18.078Z
2026-08-19 05:24:16.115: [INFO] LastUsedProfileDir: C:\Users\sang0\Desktop\Java Full Stack\.metadata\.plugins\org.eclipse.swt\EBWebView\Default
2026-08-19 05:24:16.115: [INFO] MostRecentlyActiveProfile: name=Profile 1 path=C:\Users\sang0\Desktop\Java Full Stack\.metadata\.plugins\org.eclipse.swt\EBWebView\Default lastActive=2026-08-19T03:05:18.078Z
2026-08-19 05:24:16.115: [INFO] OnDoneLoading sync enabled: 0
2026-08-19 05:24:16.115: [INFO] BookmarkModelLoaded, ids_reassigned: 0
2026-08-19 05:24:16.115: [INFO] BookmarksLoadDropped droppedNodes=0
2026-08-19 05:24:16.115: [INFO] BookmarksSnapshot Startup total=0 bar=0 other=0 mobile=0 showBar=0 showBarNTP=1
2026-08-19 05:25:53.933: [INFO] BookmarksSnapshot Shutdown total=0 bar=0 other=0 mobile=0 showBar=0 showBarNTP=1
2026-08-19 06:09:26.789: [INFO] CurrentProfilePath: C:\Users\sang0\Desktop\Java Full Stack\.metadata\.plugins\org.eclipse.swt\EBWebView\Default
2026-08-19 06:09:26.789: [INFO] Profiles total count: 1
2026-08-19 06:09:26.790: [INFO] Profile: name=Profile 1 path=C:\Users\sang0\Desktop\Java Full Stack\.metadata\.plugins\org.eclipse.swt\EBWebView\Default lastActive=2026-08-19T05:25:51.514Z
2026-08-19 06:09:26.790: [INFO] LastUsedProfileDir: C:\Users\sang0\Desktop\Java Full Stack\.metadata\.plugins\org.eclipse.swt\EBWebView\Default
2026-08-19 06:09:26.790: [INFO] MostRecentlyActiveProfile: name=Profile 1 path=C:\Users\sang0\Desktop\Java Full Stack\.metadata\.plugins\org.eclipse.swt\EBWebView\Default lastActive=2026-08-19T05:25:51.514Z
2026-08-19 06:09:26.790: [INFO] OnDoneLoading sync enabled: 0
2026-08-19 06:09:26.790: [INFO] BookmarkModelLoaded, ids_reassigned: 0
2026-08-19 06:09:26.790: [INFO] BookmarksLoadDropped droppedNodes=0
2026-08-19 06:09:26.790: [INFO] BookmarksSnapshot Startup total=0 bar=0 other=0 mobile=0 showBar=0 showBarNTP=1
2026-08-19 06:09:34.208: [INFO] BookmarksSnapshot Shutdown total=0 bar=0 other=0 mobile=0 showBar=0 showBarNTP=1
2026-08-19 06:20:19.173: [INFO] CurrentProfilePath: C:\Users\sang0\Desktop\Java Full Stack\.metadata\.plugins\org.eclipse.swt\EBWebView\Default
2026-08-19 06:20:19.173: [INFO] Profiles total count: 1
2026-08-19 06:20:19.173: [INFO] Profile: name=Profile 1 path=C:\Users\sang0\Desktop\Java Full Stack\.metadata\.plugins\org.eclipse.swt\EBWebView\Default lastActive=2026-08-19T05:25:51.514Z
2026-08-19 06:20:19.173: [INFO] LastUsedProfileDir: C:\Users\sang0\Desktop\Java Full Stack\.metadata\.plugins\org.eclipse.swt\EBWebView\Default
2026-08-19 06:20:19.174: [INFO] MostRecentlyActiveProfile: name=Profile 1 path=C:\Users\sang0\Desktop\Java Full Stack\.metadata\.plugins\org.eclipse.swt\EBWebView\Default lastActive=2026-08-19T05:25:51.514Z
2026-08-19 06:20:19.174: [INFO] OnDoneLoading sync enabled: 0
2026-08-19 06:20:19.174: [INFO] BookmarkModelLoaded, ids_reassigned: 0
2026-08-19 06:20:19.174: [INFO] BookmarksLoadDropped droppedNodes=0
2026-08-19 06:20:19.174: [INFO] BookmarksSnapshot Startup total=0 bar=0 other=0 mobile=0 showBar=0 showBarNTP=1
2026-08-19 06:20:26.911: [INFO] BookmarksSnapshot Shutdown total=0 bar=0 other=0 mobile=0 showBar=0 showBarNTP=1
2026-08-20 03:24:41.890: [INFO] CurrentProfilePath: C:\Users\sang0\Desktop\Java Full Stack\.metadata\.plugins\org.eclipse.swt\EBWebView\Default
2026-08-20 03:24:41.891: [INFO] Profiles total count: 1
2026-08-20 03:24:41.891: [INFO] Profile: name=Profile 1 path=C:\Users\sang0\Desktop\Java Full Stack\.metadata\.plugins\org.eclipse.swt\EBWebView\Default lastActive=2026-08-19T05:25:51.514Z
2026-08-20 03:24:41.891: [INFO] LastUsedProfileDir: C:\Users\sang0\Desktop\Java Full Stack\.metadata\.plugins\org.eclipse.swt\EBWebView\Default
2026-08-20 03:24:41.891: [INFO] MostRecentlyActiveProfile: name=Profile 1 path=C:\Users\sang0\Desktop\Java Full Stack\.metadata\.plugins\org.eclipse.swt\EBWebView\Default lastActive=2026-08-19T05:25:51.514Z
2026-08-20 03:24:41.891: [INFO] OnDoneLoading sync enabled: 0
2026-08-20 03:24:41.891: [INFO] BookmarkModelLoaded, ids_reassigned: 0
2026-08-20 03:24:41.891: [INFO] BookmarksLoadDropped droppedNodes=0
2026-08-20 03:24:41.891: [INFO] BookmarksSnapshot Startup total=0 bar=0 other=0 mobile=0 showBar=0 showBarNTP=1
2026-08-20 03:29:24.516: [INFO] BookmarksSnapshot Shutdown total=0 bar=0 other=0 mobile=0 showBar=0 showBarNTP=1
2026-08-20 03:53:10.191: [INFO] CurrentProfilePath: C:\Users\sang0\Desktop\Java Full Stack\.metadata\.plugins\org.eclipse.swt\EBWebView\Default
2026-08-20 03:53:10.191: [INFO] Profiles total count: 1
2026-08-20 03:53:10.191: [INFO] Profile: name=Profile 1 path=C:\Users\sang0\Desktop\Java Full Stack\.metadata\.plugins\org.eclipse.swt\EBWebView\Default lastActive=2026-08-20T03:29:23.294Z
2026-08-20 03:53:10.191: [INFO] LastUsedProfileDir: C:\Users\sang0\Desktop\Java Full Stack\.metadata\.plugins\org.eclipse.swt\EBWebView\Default
2026-08-20 03:53:10.192: [INFO] MostRecentlyActiveProfile: name=Profile 1 path=C:\Users\sang0\Desktop\Java Full Stack\.metadata\.plugins\org.eclipse.swt\EBWebView\Default lastActive=2026-08-20T03:29:23.294Z
2026-08-20 03:53:10.192: [INFO] OnDoneLoading sync enabled: 0
2026-08-20 03:53:10.192: [INFO] BookmarkModelLoaded, ids_reassigned: 0
2026-08-20 03:53:10.192: [INFO] BookmarksLoadDropped droppedNodes=0
2026-08-20 03:53:10.192: [INFO] BookmarksSnapshot Startup total=0 bar=0 other=0 mobile=0 showBar=0 showBarNTP=1
2026-08-20 04:30:05.789: [INFO] BookmarksSnapshot Shutdown total=0 bar=0 other=0 mobile=0 showBar=0 showBarNTP=1
2026-08-20 05:15:58.366: [INFO] CurrentProfilePath: C:\Users\sang0\Desktop\Java Full Stack\.metadata\.plugins\org.eclipse.swt\EBWebView\Default
2026-08-20 05:15:58.366: [INFO] Profiles total count: 1
2026-08-20 05:15:58.367: [INFO] Profile: name=Profile 1 path=C:\Users\sang0\Desktop\Java Full Stack\.metadata\.plugins\org.eclipse.swt\EBWebView\Default lastActive=2026-08-20T03:29:23.294Z
2026-08-20 05:15:58.367: [INFO] LastUsedProfileDir: C:\Users\sang0\Desktop\Java Full Stack\.metadata\.plugins\org.eclipse.swt\EBWebView\Default
2026-08-20 05:15:58.367: [INFO] MostRecentlyActiveProfile: name=Profile 1 path=C:\Users\sang0\Desktop\Java Full Stack\.metadata\.plugins\org.eclipse.swt\EBWebView\Default lastActive=2026-08-20T03:29:23.294Z
2026-08-20 05:15:58.367: [INFO] OnDoneLoading sync enabled: 0
2026-08-20 05:15:58.367: [INFO] BookmarkModelLoaded, ids_reassigned: 0
2026-08-20 05:15:58.367: [INFO] BookmarksLoadDropped droppedNodes=0
2026-08-20 05:15:58.367: [INFO] BookmarksSnapshot Startup total=0 bar=0 other=0 mobile=0 showBar=0 showBarNTP=1
2026-08-20 05:22:19.960: [INFO] BookmarksSnapshot Shutdown total=0 bar=0 other=0 mobile=0 showBar=0 showBarNTP=1
2026-08-20 05:23:22.647: [INFO] CurrentProfilePath: C:\Users\sang0\Desktop\Java Full Stack\.metadata\.plugins\org.eclipse.swt\EBWebView\Default
2026-08-20 05:23:22.647: [INFO] Profiles total count: 1
2026-08-20 05:23:22.648: [INFO] Profile: name=Profile 1 path=C:\Users\sang0\Desktop\Java Full Stack\.metadata\.plugins\org.eclipse.swt\EBWebView\Default lastActive=2026-08-20T05:22:18.123Z
2026-08-20 05:23:22.648: [INFO] LastUsedProfileDir: C:\Users\sang0\Desktop\Java Full Stack\.metadata\.plugins\org.eclipse.swt\EBWebView\Default
2026-08-20 05:23:22.648: [INFO] MostRecentlyActiveProfile: name=Profile 1 path=C:\Users\sang0\Desktop\Java Full Stack\.metadata\.plugins\org.eclipse.swt\EBWebView\Default lastActive=2026-08-20T05:22:18.123Z
2026-08-20 05:23:22.648: [INFO] OnDoneLoading sync enabled: 0
2026-08-20 05:23:22.648: [INFO] BookmarkModelLoaded, ids_reassigned: 0
2026-08-20 05:23:22.648: [INFO] BookmarksLoadDropped droppedNodes=0
2026-08-20 05:23:22.648: [INFO] BookmarksSnapshot Startup total=0 bar=0 other=0 mobile=0 showBar=0 showBarNTP=1
2026-08-20 05:23:29.585: [INFO] BookmarksSnapshot Shutdown total=0 bar=0 other=0 mobile=0 showBar=0 showBarNTP=1
2026-08-20 07:17:28.397: [INFO] CurrentProfilePath: C:\Users\sang0\Desktop\Java Full Stack\.metadata\.plugins\org.eclipse.swt\EBWebView\Default
2026-08-20 07:17:28.397: [INFO] Profiles total count: 1
2026-08-20 07:17:28.399: [INFO] Profile: name=Profile 1 path=C:\Users\sang0\Desktop\Java Full Stack\.metadata\.plugins\org.eclipse.swt\EBWebView\Default lastActive=2026-08-20T05:22:18.123Z
2026-08-20 07:17:28.399: [INFO] LastUsedProfileDir: C:\Users\sang0\Desktop\Java Full Stack\.metadata\.plugins\org.eclipse.swt\EBWebView\Default
2026-08-20 07:17:28.399: [INFO] MostRecentlyActiveProfile: name=Profile 1 path=C:\Users\sang0\Desktop\Java Full Stack\.metadata\.plugins\org.eclipse.swt\EBWebView\Default lastActive=2026-08-20T05:22:18.123Z
2026-08-20 07:17:28.399: [INFO] OnDoneLoading sync enabled: 0
2026-08-20 07:17:28.399: [INFO] BookmarkModelLoaded, ids_reassigned: 0
2026-08-20 07:17:28.399: [INFO] BookmarksLoadDropped droppedNodes=0
2026-08-20 07:17:28.399: [INFO] BookmarksSnapshot Startup total=0 bar=0 other=0 mobile=0 showBar=0 showBarNTP=1
2026-08-20 07:17:37.280: [INFO] BookmarksSnapshot Shutdown total=0 bar=0 other=0 mobile=0 showBar=0 showBarNTP=1
2026-08-20 07:25:36.866: [INFO] CurrentProfilePath: C:\Users\sang0\Desktop\Java Full Stack\.metadata\.plugins\org.eclipse.swt\EBWebView\Default
2026-08-20 07:25:36.866: [INFO] Profiles total count: 1
2026-08-20 07:25:36.868: [INFO] Profile: name=Profile 1 path=C:\Users\sang0\Desktop\Java Full Stack\.metadata\.plugins\org.eclipse.swt\EBWebView\Default lastActive=2026-08-20T07:17:36.671Z
2026-08-20 07:25:36.868: [INFO] LastUsedProfileDir: C:\Users\sang0\Desktop\Java Full Stack\.metadata\.plugins\org.eclipse.swt\EBWebView\Default
2026-08-20 07:25:36.868: [INFO] MostRecentlyActiveProfile: name=Profile 1 path=C:\Users\sang0\Desktop\Java Full Stack\.metadata\.plugins\org.eclipse.swt\EBWebView\Default lastActive=2026-08-20T07:17:36.671Z
2026-08-20 07:25:36.868: [INFO] OnDoneLoading sync enabled: 0
2026-08-20 07:25:36.868: [INFO] BookmarkModelLoaded, ids_reassigned: 0
2026-08-20 07:25:36.868: [INFO] BookmarksLoadDropped droppedNodes=0
2026-08-20 07:25:36.868: [INFO] BookmarksSnapshot Startup total=0 bar=0 other=0 mobile=0 showBar=0 showBarNTP=1
2026-08-20 07:26:00.809: [INFO] BookmarksSnapshot Shutdown total=0 bar=0 other=0 mobile=0 showBar=0 showBarNTP=1
2026-08-20 07:38:03.279: [INFO] CurrentProfilePath: C:\Users\sang0\Desktop\Java Full Stack\.metadata\.plugins\org.eclipse.swt\EBWebView\Default
2026-08-20 07:38:03.279: [INFO] Profiles total count: 1
2026-08-20 07:38:03.280: [INFO] Profile: name=Profile 1 path=C:\Users\sang0\Desktop\Java Full Stack\.metadata\.plugins\org.eclipse.swt\EBWebView\Default lastActive=2026-08-20T07:17:36.671Z
2026-08-20 07:38:03.280: [INFO] LastUsedProfileDir: C:\Users\sang0\Desktop\Java Full Stack\.metadata\.plugins\org.eclipse.swt\EBWebView\Default
2026-08-20 07:38:03.280: [INFO] MostRecentlyActiveProfile: name=Profile 1 path=C:\Users\sang0\Desktop\Java Full Stack\.metadata\.plugins\org.eclipse.swt\EBWebView\Default lastActive=2026-08-20T07:17:36.671Z
2026-08-20 07:38:03.280: [INFO] OnDoneLoading sync enabled: 0
2026-08-20 07:38:03.280: [INFO] BookmarkModelLoaded, ids_reassigned: 0
2026-08-20 07:38:03.280: [INFO] BookmarksLoadDropped droppedNodes=0
2026-08-20 07:38:03.280: [INFO] BookmarksSnapshot Startup total=0 bar=0 other=0 mobile=0 showBar=0 showBarNTP=1
2026-08-20 08:57:50.408: [INFO] BookmarksSnapshot Shutdown total=0 bar=0 other=0 mobile=0 showBar=0 showBarNTP=1
2026-08-21 02:55:26.631: [INFO] CurrentProfilePath: C:\Users\sang0\Desktop\Java Full Stack\.metadata\.plugins\org.eclipse.swt\EBWebView\Default
2026-08-21 02:55:26.631: [INFO] Profiles total count: 1
2026-08-21 02:55:26.634: [INFO] Profile: name=Profile 1 path=C:\Users\sang0\Desktop\Java Full Stack\.metadata\.plugins\org.eclipse.swt\EBWebView\Default lastActive=2026-08-20T07:17:36.671Z
2026-08-21 02:55:26.634: [INFO] LastUsedProfileDir: C:\Users\sang0\Desktop\Java Full Stack\.metadata\.plugins\org.eclipse.swt\EBWebView\Default
2026-08-21 02:55:26.634: [INFO] MostRecentlyActiveProfile: name=Profile 1 path=C:\Users\sang0\Desktop\Java Full Stack\.metadata\.plugins\org.eclipse.swt\EBWebView\Default lastActive=2026-08-20T07:17:36.671Z
2026-08-21 02:55:26.635: [INFO] OnDoneLoading sync enabled: 0
2026-08-21 02:55:26.635: [INFO] BookmarkModelLoaded, ids_reassigned: 0
2026-08-21 02:55:26.635: [INFO] BookmarksLoadDropped droppedNodes=0
2026-08-21 02:55:26.635: [INFO] BookmarksSnapshot Startup total=0 bar=0 other=0 mobile=0 showBar=0 showBarNTP=1
2026-08-21 04:30:02.611: [INFO] BookmarksSnapshot Shutdown total=0 bar=0 other=0 mobile=0 showBar=0 showBarNTP=1
2026-08-21 05:24:11.700: [INFO] CurrentProfilePath: C:\Users\sang0\Desktop\Java Full Stack\.metadata\.plugins\org.eclipse.swt\EBWebView\Default
2026-08-21 05:24:11.700: [INFO] Profiles total count: 1
2026-08-21 05:24:11.700: [INFO] Profile: name=Profile 1 path=C:\Users\sang0\Desktop\Java Full Stack\.metadata\.plugins\org.eclipse.swt\EBWebView\Default lastActive=2026-08-20T07:17:36.671Z
2026-08-21 05:24:11.700: [INFO] LastUsedProfileDir: C:\Users\sang0\Desktop\Java Full Stack\.metadata\.plugins\org.eclipse.swt\EBWebView\Default
2026-08-21 05:24:11.700: [INFO] MostRecentlyActiveProfile: name=Profile 1 path=C:\Users\sang0\Desktop\Java Full Stack\.metadata\.plugins\org.eclipse.swt\EBWebView\Default lastActive=2026-08-20T07:17:36.671Z
2026-08-21 05:24:11.700: [INFO] OnDoneLoading sync enabled: 0
2026-08-21 05:24:11.700: [INFO] BookmarkModelLoaded, ids_reassigned: 0
2026-08-21 05:24:11.700: [INFO] BookmarksLoadDropped droppedNodes=0
2026-08-21 05:24:11.700: [INFO] BookmarksSnapshot Startup total=0 bar=0 other=0 mobile=0 showBar=0 showBarNTP=1
2026-08-21 05:24:36.424: [INFO] BookmarksSnapshot Shutdown total=0 bar=0 other=0 mobile=0 showBar=0 showBarNTP=1
2026-08-21 08:33:48.561: [INFO] CurrentProfilePath: C:\Users\sang0\Desktop\Java Full Stack\.metadata\.plugins\org.eclipse.swt\EBWebView\Default
2026-08-21 08:33:48.561: [INFO] Profiles total count: 1
2026-08-21 08:33:48.562: [INFO] Profile: name=Profile 1 path=C:\Users\sang0\Desktop\Java Full Stack\.metadata\.plugins\org.eclipse.swt\EBWebView\Default lastActive=2026-08-21T08:27:36.570Z
2026-08-21 08:33:48.562: [INFO] LastUsedProfileDir: C:\Users\sang0\Desktop\Java Full Stack\.metadata\.plugins\org.eclipse.swt\EBWebView\Default
2026-08-21 08:33:48.562: [INFO] MostRecentlyActiveProfile: name=Profile 1 path=C:\Users\sang0\Desktop\Java Full Stack\.metadata\.plugins\org.eclipse.swt\EBWebView\Default lastActive=2026-08-21T08:27:36.570Z
2026-08-21 08:33:48.562: [INFO] OnDoneLoading sync enabled: 0
2026-08-21 08:33:48.562: [INFO] BookmarkModelLoaded, ids_reassigned: 0
2026-08-21 08:33:48.562: [INFO] BookmarksLoadDropped droppedNodes=0
2026-08-21 08:33:48.562: [INFO] BookmarksSnapshot Startup total=0 bar=0 other=0 mobile=0 showBar=0 showBarNTP=1
2026-08-21 09:03:02.934: [INFO] BookmarksSnapshot Shutdown total=0 bar=0 other=0 mobile=0 showBar=0 showBarNTP=1
2026-08-21 12:48:22.585: [INFO] CurrentProfilePath: C:\Users\sang0\Desktop\Java Full Stack\.metadata\.plugins\org.eclipse.swt\EBWebView\Default
2026-08-21 12:48:22.585: [INFO] Profiles total count: 1
2026-08-21 12:48:22.586: [INFO] Profile: name=Profile 1 path=C:\Users\sang0\Desktop\Java Full Stack\.metadata\.plugins\org.eclipse.swt\EBWebView\Default lastActive=2026-08-21T08:27:36.570Z
2026-08-21 12:48:22.586: [INFO] LastUsedProfileDir: C:\Users\sang0\Desktop\Java Full Stack\.metadata\.plugins\org.eclipse.swt\EBWebView\Default
2026-08-21 12:48:22.586: [INFO] MostRecentlyActiveProfile: name=Profile 1 path=C:\Users\sang0\Desktop\Java Full Stack\.metadata\.plugins\org.eclipse.swt\EBWebView\Default lastActive=2026-08-21T08:27:36.570Z
2026-08-21 12:48:22.587: [INFO] OnDoneLoading sync enabled: 0
2026-08-21 12:48:22.587: [INFO] BookmarkModelLoaded, ids_reassigned: 0
2026-08-21 12:48:22.587: [INFO] BookmarksLoadDropped droppedNodes=0
2026-08-21 12:48:22.587: [INFO] BookmarksSnapshot Startup total=0 bar=0 other=0 mobile=0 showBar=0 showBarNTP=1
2026-08-21 12:50:41.854: [INFO] BookmarksSnapshot Shutdown total=0 bar=0 other=0 mobile=0 showBar=0 showBarNTP=1
2026-08-22 03:06:58.538: [INFO] CurrentProfilePath: C:\Users\sang0\Desktop\Java Full Stack\.metadata\.plugins\org.eclipse.swt\EBWebView\Default
2026-08-22 03:06:58.538: [INFO] Profiles total count: 1
2026-08-22 03:06:58.539: [INFO] Profile: name=Profile 1 path=C:\Users\sang0\Desktop\Java Full Stack\.metadata\.plugins\org.eclipse.swt\EBWebView\Default lastActive=2026-08-21T12:50:32.278Z
2026-08-22 03:06:58.539: [INFO] LastUsedProfileDir: C:\Users\sang0\Desktop\Java Full Stack\.metadata\.plugins\org.eclipse.swt\EBWebView\Default
2026-08-22 03:06:58.539: [INFO] MostRecentlyActiveProfile: name=Profile 1 path=C:\Users\sang0\Desktop\Java Full Stack\.metadata\.plugins\org.eclipse.swt\EBWebView\Default lastActive=2026-08-21T12:50:32.278Z
2026-08-22 03:06:58.539: [INFO] OnDoneLoading sync enabled: 0
2026-08-22 03:06:58.539: [INFO] BookmarkModelLoaded, ids_reassigned: 0
2026-08-22 03:06:58.539: [INFO] BookmarksLoadDropped droppedNodes=0
2026-08-22 03:06:58.539: [INFO] BookmarksSnapshot Startup total=0 bar=0 other=0 mobile=0 showBar=0 showBarNTP=1
2026-08-22 03:07:06.822: [INFO] BookmarksSnapshot Shutdown total=0 bar=0 other=0 mobile=0 showBar=0 showBarNTP=1
2026-08-22 05:54:08.807: [INFO] CurrentProfilePath: C:\Users\sang0\Desktop\Java Full Stack\.metadata\.plugins\org.eclipse.swt\EBWebView\Default
2026-08-22 05:54:08.807: [INFO] Profiles total count: 1
2026-08-22 05:54:08.808: [INFO] Profile: name=Profile 1 path=C:\Users\sang0\Desktop\Java Full Stack\.metadata\.plugins\org.eclipse.swt\EBWebView\Default lastActive=2026-08-22T05:38:15.336Z
2026-08-22 05:54:08.808: [INFO] LastUsedProfileDir: C:\Users\sang0\Desktop\Java Full Stack\.metadata\.plugins\org.eclipse.swt\EBWebView\Default
2026-08-22 05:54:08.808: [INFO] MostRecentlyActiveProfile: name=Profile 1 path=C:\Users\sang0\Desktop\Java Full Stack\.metadata\.plugins\org.eclipse.swt\EBWebView\Default lastActive=2026-08-22T05:38:15.336Z
2026-08-22 05:54:08.808: [INFO] OnDoneLoading sync enabled: 0
2026-08-22 05:54:08.808: [INFO] BookmarkModelLoaded, ids_reassigned: 0
2026-08-22 05:54:08.808: [INFO] BookmarksLoadDropped droppedNodes=0
2026-08-22 05:54:08.808: [INFO] BookmarksSnapshot Startup total=0 bar=0 other=0 mobile=0 showBar=0 showBarNTP=1
2026-08-22 05:54:13.603: [INFO] BookmarksSnapshot Shutdown total=0 bar=0 other=0 mobile=0 showBar=0 showBarNTP=1
2026-08-22 05:55:00.154: [INFO] CurrentProfilePath: C:\Users\sang0\Desktop\Java Full Stack\.metadata\.plugins\org.eclipse.swt\EBWebView\Default
2026-08-22 05:55:00.154: [INFO] Profiles total count: 1
2026-08-22 05:55:00.154: [INFO] Profile: name=Profile 1 path=C:\Users\sang0\Desktop\Java Full Stack\.metadata\.plugins\org.eclipse.swt\EBWebView\Default lastActive=2026-08-22T05:38:15.336Z
2026-08-22 05:55:00.154: [INFO] LastUsedProfileDir: C:\Users\sang0\Desktop\Java Full Stack\.metadata\.plugins\org.eclipse.swt\EBWebView\Default
2026-08-22 05:55:00.155: [INFO] MostRecentlyActiveProfile: name=Profile 1 path=C:\Users\sang0\Desktop\Java Full Stack\.metadata\.plugins\org.eclipse.swt\EBWebView\Default lastActive=2026-08-22T05:38:15.336Z
2026-08-22 05:55:00.155: [INFO] OnDoneLoading sync enabled: 0
2026-08-22 05:55:00.155: [INFO] BookmarkModelLoaded, ids_reassigned: 0
2026-08-22 05:55:00.155: [INFO] BookmarksLoadDropped droppedNodes=0
2026-08-22 05:55:00.155: [INFO] BookmarksSnapshot Startup total=0 bar=0 other=0 mobile=0 showBar=0 showBarNTP=1
2026-08-22 06:38:43.544: [INFO] BookmarksSnapshot Shutdown total=0 bar=0 other=0 mobile=0 showBar=0 showBarNTP=1
2026-08-22 07:04:02.299: [INFO] CurrentProfilePath: C:\Users\sang0\Desktop\Java Full Stack\.metadata\.plugins\org.eclipse.swt\EBWebView\Default
2026-08-22 07:04:02.299: [INFO] Profiles total count: 1
2026-08-22 07:04:02.300: [INFO] Profile: name=Profile 1 path=C:\Users\sang0\Desktop\Java Full Stack\.metadata\.plugins\org.eclipse.swt\EBWebView\Default lastActive=2026-08-22T05:38:15.336Z
2026-08-22 07:04:02.300: [INFO] LastUsedProfileDir: C:\Users\sang0\Desktop\Java Full Stack\.metadata\.plugins\org.eclipse.swt\EBWebView\Default
2026-08-22 07:04:02.300: [INFO] MostRecentlyActiveProfile: name=Profile 1 path=C:\Users\sang0\Desktop\Java Full Stack\.metadata\.plugins\org.eclipse.swt\EBWebView\Default lastActive=2026-08-22T05:38:15.336Z
2026-08-22 07:04:02.300: [INFO] OnDoneLoading sync enabled: 0
2026-08-22 07:04:02.300: [INFO] BookmarkModelLoaded, ids_reassigned: 0
2026-08-22 07:04:02.300: [INFO] BookmarksLoadDropped droppedNodes=0
2026-08-22 07:04:02.300: [INFO] BookmarksSnapshot Startup total=0 bar=0 other=0 mobile=0 showBar=0 showBarNTP=1
2026-08-22 07:04:10.160: [INFO] BookmarksSnapshot Shutdown total=0 bar=0 other=0 mobile=0 showBar=0 showBarNTP=1
2026-08-22 07:13:43.526: [INFO] CurrentProfilePath: C:\Users\sang0\Desktop\Java Full Stack\.metadata\.plugins\org.eclipse.swt\EBWebView\Default
2026-08-22 07:13:43.526: [INFO] Profiles total count: 1
2026-08-22 07:13:43.526: [INFO] Profile: name=Profile 1 path=C:\Users\sang0\Desktop\Java Full Stack\.metadata\.plugins\org.eclipse.swt\EBWebView\Default lastActive=2026-08-22T07:04:07.681Z
2026-08-22 07:13:43.526: [INFO] LastUsedProfileDir: C:\Users\sang0\Desktop\Java Full Stack\.metadata\.plugins\org.eclipse.swt\EBWebView\Default
2026-08-22 07:13:43.526: [INFO] MostRecentlyActiveProfile: name=Profile 1 path=C:\Users\sang0\Desktop\Java Full Stack\.metadata\.plugins\org.eclipse.swt\EBWebView\Default lastActive=2026-08-22T07:04:07.681Z
2026-08-22 07:13:43.526: [INFO] OnDoneLoading sync enabled: 0
2026-08-22 07:13:43.526: [INFO] BookmarkModelLoaded, ids_reassigned: 0
2026-08-22 07:13:43.526: [INFO] BookmarksLoadDropped droppedNodes=0
2026-08-22 07:13:43.526: [INFO] BookmarksSnapshot Startup total=0 bar=0 other=0 mobile=0 showBar=0 showBarNTP=1
2026-08-22 07:13:49.075: [INFO] BookmarksSnapshot Shutdown total=0 bar=0 other=0 mobile=0 showBar=0 showBarNTP=1
2026-08-22 07:14:05.404: [INFO] CurrentProfilePath: C:\Users\sang0\Desktop\Java Full Stack\.metadata\.plugins\org.eclipse.swt\EBWebView\Default
2026-08-22 07:14:05.404: [INFO] Profiles total count: 1
2026-08-22 07:14:05.405: [INFO] Profile: name=Profile 1 path=C:\Users\sang0\Desktop\Java Full Stack\.metadata\.plugins\org.eclipse.swt\EBWebView\Default lastActive=2026-08-22T07:04:07.681Z
2026-08-22 07:14:05.405: [INFO] LastUsedProfileDir: C:\Users\sang0\Desktop\Java Full Stack\.metadata\.plugins\org.eclipse.swt\EBWebView\Default
2026-08-22 07:14:05.405: [INFO] MostRecentlyActiveProfile: name=Profile 1 path=C:\Users\sang0\Desktop\Java Full Stack\.metadata\.plugins\org.eclipse.swt\EBWebView\Default lastActive=2026-08-22T07:04:07.681Z
2026-08-22 07:14:05.405: [INFO] OnDoneLoading sync enabled: 0
2026-08-22 07:14:05.405: [INFO] BookmarkModelLoaded, ids_reassigned: 0
2026-08-22 07:14:05.405: [INFO] BookmarksLoadDropped droppedNodes=0
2026-08-22 07:14:05.405: [INFO] BookmarksSnapshot Startup total=0 bar=0 other=0 mobile=0 showBar=0 showBarNTP=1
2026-08-22 07:14:08.140: [INFO] BookmarksSnapshot Shutdown total=0 bar=0 other=0 mobile=0 showBar=0 showBarNTP=1
2026-08-22 07:15:10.096: [INFO] CurrentProfilePath: C:\Users\sang0\Desktop\Java Full Stack\.metadata\.plugins\org.eclipse.swt\EBWebView\Default
2026-08-22 07:15:10.096: [INFO] Profiles total count: 1
2026-08-22 07:15:10.096: [INFO] Profile: name=Profile 1 path=C:\Users\sang0\Desktop\Java Full Stack\.metadata\.plugins\org.eclipse.swt\EBWebView\Default lastActive=2026-08-22T07:04:07.681Z
2026-08-22 07:15:10.096: [INFO] LastUsedProfileDir: C:\Users\sang0\Desktop\Java Full Stack\.metadata\.plugins\org.eclipse.swt\EBWebView\Default
2026-08-22 07:15:10.096: [INFO] MostRecentlyActiveProfile: name=Profile 1 path=C:\Users\sang0\Desktop\Java Full Stack\.metadata\.plugins\org.eclipse.swt\EBWebView\Default lastActive=2026-08-22T07:04:07.681Z
2026-08-22 07:15:10.096: [INFO] OnDoneLoading sync enabled: 0
2026-08-22 07:15:10.096: [INFO] BookmarkModelLoaded, ids_reassigned: 0
2026-08-22 07:15:10.096: [INFO] BookmarksLoadDropped droppedNodes=0
2026-08-22 07:15:10.096: [INFO] BookmarksSnapshot Startup total=0 bar=0 other=0 mobile=0 showBar=0 showBarNTP=1
2026-08-22 07:15:25.879: [INFO] BookmarksSnapshot Shutdown total=0 bar=0 other=0 mobile=0 showBar=0 showBarNTP=1
2026-08-24 05:15:26.111: [INFO] CurrentProfilePath: C:\Users\sang0\Desktop\Java Full Stack\.metadata\.plugins\org.eclipse.swt\EBWebView\Default
2026-08-24 05:15:26.111: [INFO] Profiles total count: 1
2026-08-24 05:15:26.112: [INFO] Profile: name=Profile 1 path=C:\Users\sang0\Desktop\Java Full Stack\.metadata\.plugins\org.eclipse.swt\EBWebView\Default lastActive=2026-08-22T07:04:07.681Z
2026-08-24 05:15:26.112: [INFO] LastUsedProfileDir: C:\Users\sang0\Desktop\Java Full Stack\.metadata\.plugins\org.eclipse.swt\EBWebView\Default
2026-08-24 05:15:26.112: [INFO] MostRecentlyActiveProfile: name=Profile 1 path=C:\Users\sang0\Desktop\Java Full Stack\.metadata\.plugins\org.eclipse.swt\EBWebView\Default lastActive=2026-08-22T07:04:07.681Z
2026-08-24 05:15:26.112: [INFO] OnDoneLoading sync enabled: 0
2026-08-24 05:15:26.112: [INFO] BookmarkModelLoaded, ids_reassigned: 0
2026-08-24 05:15:26.112: [INFO] BookmarksLoadDropped droppedNodes=0
2026-08-24 05:15:26.112: [INFO] BookmarksSnapshot Startup total=0 bar=0 other=0 mobile=0 showBar=0 showBarNTP=1
2026-08-24 05:15:32.857: [INFO] BookmarksSnapshot Shutdown total=0 bar=0 other=0 mobile=0 showBar=0 showBarNTP=1
2026-08-24 05:53:57.898: [INFO] CurrentProfilePath: C:\Users\sang0\Desktop\Java Full Stack\.metadata\.plugins\org.eclipse.swt\EBWebView\Default
2026-08-24 05:53:57.898: [INFO] Profiles total count: 1
2026-08-24 05:53:57.898: [INFO] Profile: name=Profile 1 path=C:\Users\sang0\Desktop\Java Full Stack\.metadata\.plugins\org.eclipse.swt\EBWebView\Default lastActive=2026-08-24T05:15:30.714Z
2026-08-24 05:53:57.898: [INFO] LastUsedProfileDir: C:\Users\sang0\Desktop\Java Full Stack\.metadata\.plugins\org.eclipse.swt\EBWebView\Default
2026-08-24 05:53:57.898: [INFO] MostRecentlyActiveProfile: name=Profile 1 path=C:\Users\sang0\Desktop\Java Full Stack\.metadata\.plugins\org.eclipse.swt\EBWebView\Default lastActive=2026-08-24T05:15:30.714Z
2026-08-24 05:53:57.899: [INFO] OnDoneLoading sync enabled: 0
2026-08-24 05:53:57.899: [INFO] BookmarkModelLoaded, ids_reassigned: 0
2026-08-24 05:53:57.899: [INFO] BookmarksLoadDropped droppedNodes=0
2026-08-24 05:53:57.899: [INFO] BookmarksSnapshot Startup total=0 bar=0 other=0 mobile=0 showBar=0 showBarNTP=1
2026-08-24 05:55:46.557: [INFO] BookmarksSnapshot Shutdown total=0 bar=0 other=0 mobile=0 showBar=0 showBarNTP=1
2026-08-24 05:56:43.623: [INFO] CurrentProfilePath: C:\Users\sang0\Desktop\Java Full Stack\.metadata\.plugins\org.eclipse.swt\EBWebView\Default
2026-08-24 05:56:43.623: [INFO] Profiles total count: 1
2026-08-24 05:56:43.626: [INFO] Profile: name=Profile 1 path=C:\Users\sang0\Desktop\Java Full Stack\.metadata\.plugins\org.eclipse.swt\EBWebView\Default lastActive=2026-08-24T05:15:30.714Z
2026-08-24 05:56:43.626: [INFO] LastUsedProfileDir: C:\Users\sang0\Desktop\Java Full Stack\.metadata\.plugins\org.eclipse.swt\EBWebView\Default
2026-08-24 05:56:43.626: [INFO] MostRecentlyActiveProfile: name=Profile 1 path=C:\Users\sang0\Desktop\Java Full Stack\.metadata\.plugins\org.eclipse.swt\EBWebView\Default lastActive=2026-08-24T05:15:30.714Z
2026-08-24 05:56:43.626: [INFO] OnDoneLoading sync enabled: 0
2026-08-24 05:56:43.626: [INFO] BookmarkModelLoaded, ids_reassigned: 0
2026-08-24 05:56:43.626: [INFO] BookmarksLoadDropped droppedNodes=0
2026-08-24 05:56:43.626: [INFO] BookmarksSnapshot Startup total=0 bar=0 other=0 mobile=0 showBar=0 showBarNTP=1
2026-08-24 05:56:47.443: [INFO] BookmarksSnapshot Shutdown total=0 bar=0 other=0 mobile=0 showBar=0 showBarNTP=1
2026-08-24 05:59:02.367: [INFO] CurrentProfilePath: C:\Users\sang0\Desktop\Java Full Stack\.metadata\.plugins\org.eclipse.swt\EBWebView\Default
2026-08-24 05:59:02.367: [INFO] Profiles total count: 1
2026-08-24 05:59:02.368: [INFO] Profile: name=Profile 1 path=C:\Users\sang0\Desktop\Java Full Stack\.metadata\.plugins\org.eclipse.swt\EBWebView\Default lastActive=2026-08-24T05:15:30.714Z
2026-08-24 05:59:02.368: [INFO] LastUsedProfileDir: C:\Users\sang0\Desktop\Java Full Stack\.metadata\.plugins\org.eclipse.swt\EBWebView\Default
2026-08-24 05:59:02.368: [INFO] MostRecentlyActiveProfile: name=Profile 1 path=C:\Users\sang0\Desktop\Java Full Stack\.metadata\.plugins\org.eclipse.swt\EBWebView\Default lastActive=2026-08-24T05:15:30.714Z
2026-08-24 05:59:02.368: [INFO] OnDoneLoading sync enabled: 0
2026-08-24 05:59:02.368: [INFO] BookmarkModelLoaded, ids_reassigned: 0
2026-08-24 05:59:02.368: [INFO] BookmarksLoadDropped droppedNodes=0
2026-08-24 05:59:02.368: [INFO] BookmarksSnapshot Startup total=0 bar=0 other=0 mobile=0 showBar=0 showBarNTP=1
2026-08-24 06:29:38.767: [INFO] BookmarksSnapshot Shutdown total=0 bar=0 other=0 mobile=0 showBar=0 showBarNTP=1
2026-08-25 05:22:16.580: [INFO] CurrentProfilePath: C:\Users\sang0\Desktop\Java Full Stack\.metadata\.plugins\org.eclipse.swt\EBWebView\Default
2026-08-25 05:22:16.580: [INFO] Profiles total count: 1
2026-08-25 05:22:16.581: [INFO] Profile: name=Profile 1 path=C:\Users\sang0\Desktop\Java Full Stack\.metadata\.plugins\org.eclipse.swt\EBWebView\Default lastActive=2026-08-24T05:15:30.714Z
2026-08-25 05:22:16.581: [INFO] LastUsedProfileDir: C:\Users\sang0\Desktop\Java Full Stack\.metadata\.plugins\org.eclipse.swt\EBWebView\Default
2026-08-25 05:22:16.581: [INFO] MostRecentlyActiveProfile: name=Profile 1 path=C:\Users\sang0\Desktop\Java Full Stack\.metadata\.plugins\org.eclipse.swt\EBWebView\Default lastActive=2026-08-24T05:15:30.714Z
2026-08-25 05:22:16.581: [INFO] OnDoneLoading sync enabled: 0
2026-08-25 05:22:16.581: [INFO] BookmarkModelLoaded, ids_reassigned: 0
2026-08-25 05:22:16.581: [INFO] BookmarksLoadDropped droppedNodes=0
2026-08-25 05:22:16.581: [INFO] BookmarksSnapshot Startup total=0 bar=0 other=0 mobile=0 showBar=0 showBarNTP=1
2026-08-25 05:26:51.129: [INFO] BookmarksSnapshot Shutdown total=0 bar=0 other=0 mobile=0 showBar=0 showBarNTP=1
2026-08-25 06:15:04.842: [INFO] CurrentProfilePath: C:\Users\sang0\Desktop\Java Full Stack\.metadata\.plugins\org.eclipse.swt\EBWebView\Default
2026-08-25 06:15:04.842: [INFO] Profiles total count: 1
2026-08-25 06:15:04.843: [INFO] Profile: name=Profile 1 path=C:\Users\sang0\Desktop\Java Full Stack\.metadata\.plugins\org.eclipse.swt\EBWebView\Default lastActive=2026-08-25T05:26:47.469Z
2026-08-25 06:15:04.843: [INFO] LastUsedProfileDir: C:\Users\sang0\Desktop\Java Full Stack\.metadata\.plugins\org.eclipse.swt\EBWebView\Default
2026-08-25 06:15:04.843: [INFO] MostRecentlyActiveProfile: name=Profile 1 path=C:\Users\sang0\Desktop\Java Full Stack\.metadata\.plugins\org.eclipse.swt\EBWebView\Default lastActive=2026-08-25T05:26:47.469Z
2026-08-25 06:15:04.843: [INFO] OnDoneLoading sync enabled: 0
2026-08-25 06:15:04.843: [INFO] BookmarkModelLoaded, ids_reassigned: 0
2026-08-25 06:15:04.843: [INFO] BookmarksLoadDropped droppedNodes=0
2026-08-25 06:15:04.843: [INFO] BookmarksSnapshot Startup total=0 bar=0 other=0 mobile=0 showBar=0 showBarNTP=1
2026-08-25 06:15:22.246: [INFO] BookmarksSnapshot Shutdown total=0 bar=0 other=0 mobile=0 showBar=0 showBarNTP=1
2026-08-25 15:26:58.839: [INFO] CurrentProfilePath: C:\Users\sang0\Desktop\Java Full Stack\.metadata\.plugins\org.eclipse.swt\EBWebView\Default
2026-08-25 15:26:58.839: [INFO] Profiles total count: 1
2026-08-25 15:26:58.840: [INFO] Profile: name=Profile 1 path=C:\Users\sang0\Desktop\Java Full Stack\.metadata\.plugins\org.eclipse.swt\EBWebView\Default lastActive=2026-08-25T05:26:47.469Z
2026-08-25 15:26:58.840: [INFO] LastUsedProfileDir: C:\Users\sang0\Desktop\Java Full Stack\.metadata\.plugins\org.eclipse.swt\EBWebView\Default
2026-08-25 15:26:58.840: [INFO] MostRecentlyActiveProfile: name=Profile 1 path=C:\Users\sang0\Desktop\Java Full Stack\.metadata\.plugins\org.eclipse.swt\EBWebView\Default lastActive=2026-08-25T05:26:47.469Z
2026-08-25 15:26:58.840: [INFO] OnDoneLoading sync enabled: 0
2026-08-25 15:26:58.840: [INFO] BookmarkModelLoaded, ids_reassigned: 0
2026-08-25 15:26:58.840: [INFO] BookmarksLoadDropped droppedNodes=0
2026-08-25 15:26:58.840: [INFO] BookmarksSnapshot Startup total=0 bar=0 other=0 mobile=0 showBar=0 showBarNTP=1
2026-08-25 15:27:07.966: [INFO] BookmarksSnapshot Shutdown total=0 bar=0 other=0 mobile=0 showBar=0 showBarNTP=1
2026-08-25 16:21:38.860: [INFO] CurrentProfilePath: C:\Users\sang0\Desktop\Java Full Stack\.metadata\.plugins\org.eclipse.swt\EBWebView\Default
2026-08-25 16:21:38.860: [INFO] Profiles total count: 1
2026-08-25 16:21:38.860: [INFO] Profile: name=Profile 1 path=C:\Users\sang0\Desktop\Java Full Stack\.metadata\.plugins\org.eclipse.swt\EBWebView\Default lastActive=2026-08-25T15:27:05.940Z
2026-08-25 16:21:38.860: [INFO] LastUsedProfileDir: C:\Users\sang0\Desktop\Java Full Stack\.metadata\.plugins\org.eclipse.swt\EBWebView\Default
2026-08-25 16:21:38.860: [INFO] MostRecentlyActiveProfile: name=Profile 1 path=C:\Users\sang0\Desktop\Java Full Stack\.metadata\.plugins\org.eclipse.swt\EBWebView\Default lastActive=2026-08-25T15:27:05.940Z
2026-08-25 16:21:38.860: [INFO] OnDoneLoading sync enabled: 0
2026-08-25 16:21:38.860: [INFO] BookmarkModelLoaded, ids_reassigned: 0
2026-08-25 16:21:38.860: [INFO] BookmarksLoadDropped droppedNodes=0
2026-08-25 16:21:38.860: [INFO] BookmarksSnapshot Startup total=0 bar=0 other=0 mobile=0 showBar=0 showBarNTP=1
2026-08-25 17:23:01.315: [INFO] BookmarksSnapshot Shutdown total=0 bar=0 other=0 mobile=0 showBar=0 showBarNTP=1
2026-08-26 05:24:04.380: [INFO] CurrentProfilePath: C:\Users\sang0\Desktop\Java Full Stack\.metadata\.plugins\org.eclipse.swt\EBWebView\Default
2026-08-26 05:24:04.380: [INFO] Profiles total count: 1
2026-08-26 05:24:04.381: [INFO] Profile: name=Profile 1 path=C:\Users\sang0\Desktop\Java Full Stack\.metadata\.plugins\org.eclipse.swt\EBWebView\Default lastActive=2026-08-25T15:27:05.940Z
2026-08-26 05:24:04.381: [INFO] LastUsedProfileDir: C:\Users\sang0\Desktop\Java Full Stack\.metadata\.plugins\org.eclipse.swt\EBWebView\Default
2026-08-26 05:24:04.381: [INFO] MostRecentlyActiveProfile: name=Profile 1 path=C:\Users\sang0\Desktop\Java Full Stack\.metadata\.plugins\org.eclipse.swt\EBWebView\Default lastActive=2026-08-25T15:27:05.940Z
2026-08-26 05:24:04.381: [INFO] OnDoneLoading sync enabled: 0
2026-08-26 05:24:04.381: [INFO] BookmarkModelLoaded, ids_reassigned: 0
2026-08-26 05:24:04.381: [INFO] BookmarksLoadDropped droppedNodes=0
2026-08-26 05:24:04.381: [INFO] BookmarksSnapshot Startup total=0 bar=0 other=0 mobile=0 showBar=0 showBarNTP=1
2026-08-26 05:25:20.645: [INFO] BookmarksSnapshot Shutdown total=0 bar=0 other=0 mobile=0 showBar=0 showBarNTP=1
2026-08-27 08:55:23.321: [INFO] CurrentProfilePath: C:\Users\sang0\Desktop\Java Full Stack\.metadata\.plugins\org.eclipse.swt\EBWebView\Default
2026-08-27 08:55:23.321: [INFO] Profiles total count: 1
2026-08-27 08:55:23.324: [INFO] Profile: name=Profile 1 path=C:\Users\sang0\Desktop\Java Full Stack\.metadata\.plugins\org.eclipse.swt\EBWebView\Default lastActive=2026-08-26T05:25:17.779Z
2026-08-27 08:55:23.324: [INFO] LastUsedProfileDir: C:\Users\sang0\Desktop\Java Full Stack\.metadata\.plugins\org.eclipse.swt\EBWebView\Default
2026-08-27 08:55:23.324: [INFO] MostRecentlyActiveProfile: name=Profile 1 path=C:\Users\sang0\Desktop\Java Full Stack\.metadata\.plugins\org.eclipse.swt\EBWebView\Default lastActive=2026-08-26T05:25:17.779Z
2026-08-27 08:55:23.324: [INFO] OnDoneLoading sync enabled: 0
2026-08-27 08:55:23.324: [INFO] BookmarkModelLoaded, ids_reassigned: 0
2026-08-27 08:55:23.324: [INFO] BookmarksLoadDropped droppedNodes=0
2026-08-27 08:55:23.324: [INFO] BookmarksSnapshot Startup total=0 bar=0 other=0 mobile=0 showBar=0 showBarNTP=1
2026-08-27 08:55:34.483: [INFO] BookmarksSnapshot Shutdown total=0 bar=0 other=0 mobile=0 showBar=0 showBarNTP=1
2026-08-29 05:56:01.099: [INFO] CurrentProfilePath: C:\Users\sang0\Desktop\Java Full Stack\.metadata\.plugins\org.eclipse.swt\EBWebView\Default
2026-08-29 05:56:01.099: [INFO] Profiles total count: 1
2026-08-29 05:56:01.111: [INFO] Profile: name=Profile 1 path=C:\Users\sang0\Desktop\Java Full Stack\.metadata\.plugins\org.eclipse.swt\EBWebView\Default lastActive=2026-08-27T08:55:32.056Z
2026-08-29 05:56:01.111: [INFO] LastUsedProfileDir: C:\Users\sang0\Desktop\Java Full Stack\.metadata\.plugins\org.eclipse.swt\EBWebView\Default
2026-08-29 05:56:01.111: [INFO] MostRecentlyActiveProfile: name=Profile 1 path=C:\Users\sang0\Desktop\Java Full Stack\.metadata\.plugins\org.eclipse.swt\EBWebView\Default lastActive=2026-08-27T08:55:32.056Z
2026-08-29 05:56:01.111: [INFO] OnDoneLoading sync enabled: 0
2026-08-29 05:56:01.111: [INFO] BookmarkModelLoaded, ids_reassigned: 0
2026-08-29 05:56:01.111: [INFO] BookmarksLoadDropped droppedNodes=0
2026-08-29 05:56:01.111: [INFO] BookmarksSnapshot Startup total=0 bar=0 other=0 mobile=0 showBar=0 showBarNTP=1
2026-08-29 05:57:23.623: [INFO] BookmarksSnapshot Shutdown total=0 bar=0 other=0 mobile=0 showBar=0 showBarNTP=1
2026-08-29 12:07:54.570: [INFO] CurrentProfilePath: C:\Users\sang0\Desktop\Java Full Stack\.metadata\.plugins\org.eclipse.swt\EBWebView\Default
2026-08-29 12:07:54.570: [INFO] Profiles total count: 1
2026-08-29 12:07:54.570: [INFO] Profile: name=Profile 1 path=C:\Users\sang0\Desktop\Java Full Stack\.metadata\.plugins\org.eclipse.swt\EBWebView\Default lastActive=2026-08-29T05:57:20.965Z
2026-08-29 12:07:54.570: [INFO] LastUsedProfileDir: C:\Users\sang0\Desktop\Java Full Stack\.metadata\.plugins\org.eclipse.swt\EBWebView\Default
2026-08-29 12:07:54.570: [INFO] MostRecentlyActiveProfile: name=Profile 1 path=C:\Users\sang0\Desktop\Java Full Stack\.metadata\.plugins\org.eclipse.swt\EBWebView\Default lastActive=2026-08-29T05:57:20.965Z
2026-08-29 12:07:54.570: [INFO] OnDoneLoading sync enabled: 0
2026-08-29 12:07:54.570: [INFO] BookmarkModelLoaded, ids_reassigned: 0
2026-08-29 12:07:54.570: [INFO] BookmarksLoadDropped droppedNodes=0
2026-08-29 12:07:54.570: [INFO] BookmarksSnapshot Startup total=0 bar=0 other=0 mobile=0 showBar=0 showBarNTP=1
2026-08-29 12:08:09.270: [INFO] BookmarksSnapshot Shutdown total=0 bar=0 other=0 mobile=0 showBar=0 showBarNTP=1
2026-08-30 10:55:26.241: [INFO] CurrentProfilePath: C:\Users\sang0\Desktop\Java Full Stack\.metadata\.plugins\org.eclipse.swt\EBWebView\Default
2026-08-30 10:55:26.241: [INFO] Profiles total count: 1
2026-08-30 10:55:26.242: [INFO] Profile: name=Profile 1 path=C:\Users\sang0\Desktop\Java Full Stack\.metadata\.plugins\org.eclipse.swt\EBWebView\Default lastActive=2026-08-29T12:08:07.110Z
2026-08-30 10:55:26.242: [INFO] LastUsedProfileDir: C:\Users\sang0\Desktop\Java Full Stack\.metadata\.plugins\org.eclipse.swt\EBWebView\Default
2026-08-30 10:55:26.242: [INFO] MostRecentlyActiveProfile: name=Profile 1 path=C:\Users\sang0\Desktop\Java Full Stack\.metadata\.plugins\org.eclipse.swt\EBWebView\Default lastActive=2026-08-29T12:08:07.110Z
2026-08-30 10:55:26.242: [INFO] OnDoneLoading sync enabled: 0
2026-08-30 10:55:26.242: [INFO] BookmarkModelLoaded, ids_reassigned: 0
2026-08-30 10:55:26.242: [INFO] BookmarksLoadDropped droppedNodes=0
2026-08-30 10:55:26.242: [INFO] BookmarksSnapshot Startup total=0 bar=0 other=0 mobile=0 showBar=0 showBarNTP=1
2026-08-30 10:56:00.802: [INFO] BookmarksSnapshot Shutdown total=0 bar=0 other=0 mobile=0 showBar=0 showBarNTP=1
2026-08-30 10:59:20.705: [INFO] CurrentProfilePath: C:\Users\sang0\Desktop\Java Full Stack\.metadata\.plugins\org.eclipse.swt\EBWebView\Default
2026-08-30 10:59:20.705: [INFO] Profiles total count: 1
2026-08-30 10:59:20.706: [INFO] Profile: name=Profile 1 path=C:\Users\sang0\Desktop\Java Full Stack\.metadata\.plugins\org.eclipse.swt\EBWebView\Default lastActive=2026-08-30T10:55:58.979Z
2026-08-30 10:59:20.706: [INFO] LastUsedProfileDir: C:\Users\sang0\Desktop\Java Full Stack\.metadata\.plugins\org.eclipse.swt\EBWebView\Default
2026-08-30 10:59:20.706: [INFO] MostRecentlyActiveProfile: name=Profile 1 path=C:\Users\sang0\Desktop\Java Full Stack\.metadata\.plugins\org.eclipse.swt\EBWebView\Default lastActive=2026-08-30T10:55:58.979Z
2026-08-30 10:59:20.706: [INFO] OnDoneLoading sync enabled: 0
2026-08-30 10:59:20.706: [INFO] BookmarkModelLoaded, ids_reassigned: 0
2026-08-30 10:59:20.706: [INFO] BookmarksLoadDropped droppedNodes=0
2026-08-30 10:59:20.706: [INFO] BookmarksSnapshot Startup total=0 bar=0 other=0 mobile=0 showBar=0 showBarNTP=1
2026-08-30 11:01:05.335: [INFO] BookmarksSnapshot Shutdown total=0 bar=0 other=0 mobile=0 showBar=0 showBarNTP=1
2026-08-30 11:52:04.219: [INFO] CurrentProfilePath: C:\Users\sang0\Desktop\Java Full Stack\.metadata\.plugins\org.eclipse.swt\EBWebView\Default
2026-08-30 11:52:04.219: [INFO] Profiles total count: 1
2026-08-30 11:52:04.220: [INFO] Profile: name=Profile 1 path=C:\Users\sang0\Desktop\Java Full Stack\.metadata\.plugins\org.eclipse.swt\EBWebView\Default lastActive=2026-08-30T10:55:58.979Z
2026-08-30 11:52:04.220: [INFO] LastUsedProfileDir: C:\Users\sang0\Desktop\Java Full Stack\.metadata\.plugins\org.eclipse.swt\EBWebView\Default
2026-08-30 11:52:04.220: [INFO] MostRecentlyActiveProfile: name=Profile 1 path=C:\Users\sang0\Desktop\Java Full Stack\.metadata\.plugins\org.eclipse.swt\EBWebView\Default lastActive=2026-08-30T10:55:58.979Z
2026-08-30 11:52:04.220: [INFO] OnDoneLoading sync enabled: 0
2026-08-30 11:52:04.220: [INFO] BookmarkModelLoaded, ids_reassigned: 0
2026-08-30 11:52:04.220: [INFO] BookmarksLoadDropped droppedNodes=0
2026-08-30 11:52:04.220: [INFO] BookmarksSnapshot Startup total=0 bar=0 other=0 mobile=0 showBar=0 showBarNTP=1
2026-08-30 11:52:14.549: [INFO] BookmarksSnapshot Shutdown total=0 bar=0 other=0 mobile=0 showBar=0 showBarNTP=1
2026-08-30 12:04:18.562: [INFO] CurrentProfilePath: C:\Users\sang0\Desktop\Java Full Stack\.metadata\.plugins\org.eclipse.swt\EBWebView\Default
2026-08-30 12:04:18.562: [INFO] Profiles total count: 1
2026-08-30 12:04:18.563: [INFO] Profile: name=Profile 1 path=C:\Users\sang0\Desktop\Java Full Stack\.metadata\.plugins\org.eclipse.swt\EBWebView\Default lastActive=2026-08-30T10:55:58.979Z
2026-08-30 12:04:18.563: [INFO] LastUsedProfileDir: C:\Users\sang0\Desktop\Java Full Stack\.metadata\.plugins\org.eclipse.swt\EBWebView\Default
2026-08-30 12:04:18.563: [INFO] MostRecentlyActiveProfile: name=Profile 1 path=C:\Users\sang0\Desktop\Java Full Stack\.metadata\.plugins\org.eclipse.swt\EBWebView\Default lastActive=2026-08-30T10:55:58.979Z
2026-08-30 12:04:18.563: [INFO] OnDoneLoading sync enabled: 0
2026-08-30 12:04:18.563: [INFO] BookmarkModelLoaded, ids_reassigned: 0
2026-08-30 12:04:18.563: [INFO] BookmarksLoadDropped droppedNodes=0
2026-08-30 12:04:18.563: [INFO] BookmarksSnapshot Startup total=0 bar=0 other=0 mobile=0 showBar=0 showBarNTP=1
2026-08-30 12:09:12.767: [INFO] BookmarksSnapshot Shutdown total=0 bar=0 other=0 mobile=0 showBar=0 showBarNTP=1
2026-08-30 12:12:03.096: [INFO] CurrentProfilePath: C:\Users\sang0\Desktop\Java Full Stack\.metadata\.plugins\org.eclipse.swt\EBWebView\Default
2026-08-30 12:12:03.096: [INFO] Profiles total count: 1
2026-08-30 12:12:03.097: [INFO] Profile: name=Profile 1 path=C:\Users\sang0\Desktop\Java Full Stack\.metadata\.plugins\org.eclipse.swt\EBWebView\Default lastActive=2026-08-30T10:55:58.979Z
2026-08-30 12:12:03.097: [INFO] LastUsedProfileDir: C:\Users\sang0\Desktop\Java Full Stack\.metadata\.plugins\org.eclipse.swt\EBWebView\Default
2026-08-30 12:12:03.097: [INFO] MostRecentlyActiveProfile: name=Profile 1 path=C:\Users\sang0\Desktop\Java Full Stack\.metadata\.plugins\org.eclipse.swt\EBWebView\Default lastActive=2026-08-30T10:55:58.979Z
2026-08-30 12:12:03.097: [INFO] OnDoneLoading sync enabled: 0
2026-08-30 12:12:03.097: [INFO] BookmarkModelLoaded, ids_reassigned: 0
2026-08-30 12:12:03.097: [INFO] BookmarksLoadDropped droppedNodes=0
2026-08-30 12:12:03.097: [INFO] BookmarksSnapshot Startup total=0 bar=0 other=0 mobile=0 showBar=0 showBarNTP=1
2026-08-30 12:30:24.963: [INFO] BookmarksSnapshot Shutdown total=0 bar=0 other=0 mobile=0 showBar=0 showBarNTP=1
2026-08-30 12:31:35.061: [INFO] CurrentProfilePath: C:\Users\sang0\Desktop\Java Full Stack\.metadata\.plugins\org.eclipse.swt\EBWebView\Default
2026-08-30 12:31:35.061: [INFO] Profiles total count: 1
2026-08-30 12:31:35.062: [INFO] Profile: name=Profile 1 path=C:\Users\sang0\Desktop\Java Full Stack\.metadata\.plugins\org.eclipse.swt\EBWebView\Default lastActive=2026-08-30T10:55:58.979Z
2026-08-30 12:31:35.062: [INFO] LastUsedProfileDir: C:\Users\sang0\Desktop\Java Full Stack\.metadata\.plugins\org.eclipse.swt\EBWebView\Default
2026-08-30 12:31:35.062: [INFO] MostRecentlyActiveProfile: name=Profile 1 path=C:\Users\sang0\Desktop\Java Full Stack\.metadata\.plugins\org.eclipse.swt\EBWebView\Default lastActive=2026-08-30T10:55:58.979Z
2026-08-30 12:31:35.062: [INFO] OnDoneLoading sync enabled: 0
2026-08-30 12:31:35.062: [INFO] BookmarkModelLoaded, ids_reassigned: 0
2026-08-30 12:31:35.062: [INFO] BookmarksLoadDropped droppedNodes=0
2026-08-30 12:31:35.062: [INFO] BookmarksSnapshot Startup total=0 bar=0 other=0 mobile=0 showBar=0 showBarNTP=1
2026-08-30 12:32:32.550: [INFO] BookmarksSnapshot Shutdown total=0 bar=0 other=0 mobile=0 showBar=0 showBarNTP=1
2026-08-30 12:32:57.642: [INFO] CurrentProfilePath: C:\Users\sang0\Desktop\Java Full Stack\.metadata\.plugins\org.eclipse.swt\EBWebView\Default
2026-08-30 12:32:57.642: [INFO] Profiles total count: 1
2026-08-30 12:32:57.642: [INFO] Profile: name=Profile 1 path=C:\Users\sang0\Desktop\Java Full Stack\.metadata\.plugins\org.eclipse.swt\EBWebView\Default lastActive=2026-08-30T10:55:58.979Z
2026-08-30 12:32:57.642: [INFO] LastUsedProfileDir: C:\Users\sang0\Desktop\Java Full Stack\.metadata\.plugins\org.eclipse.swt\EBWebView\Default
2026-08-30 12:32:57.642: [INFO] MostRecentlyActiveProfile: name=Profile 1 path=C:\Users\sang0\Desktop\Java Full Stack\.metadata\.plugins\org.eclipse.swt\EBWebView\Default lastActive=2026-08-30T10:55:58.979Z
2026-08-30 12:32:57.642: [INFO] OnDoneLoading sync enabled: 0
2026-08-30 12:32:57.642: [INFO] BookmarkModelLoaded, ids_reassigned: 0
2026-08-30 12:32:57.642: [INFO] BookmarksLoadDropped droppedNodes=0
2026-08-30 12:32:57.642: [INFO] BookmarksSnapshot Startup total=0 bar=0 other=0 mobile=0 showBar=0 showBarNTP=1
2026-08-30 13:16:44.795: [INFO] BookmarksSnapshot Shutdown total=0 bar=0 other=0 mobile=0 showBar=0 showBarNTP=1
2026-08-30 13:16:57.652: [INFO] CurrentProfilePath: C:\Users\sang0\Desktop\Java Full Stack\.metadata\.plugins\org.eclipse.swt\EBWebView\Default
2026-08-30 13:16:57.652: [INFO] Profiles total count: 1
2026-08-30 13:16:57.652: [INFO] Profile: name=Profile 1 path=C:\Users\sang0\Desktop\Java Full Stack\.metadata\.plugins\org.eclipse.swt\EBWebView\Default lastActive=2026-08-30T10:55:58.979Z
2026-08-30 13:16:57.652: [INFO] LastUsedProfileDir: C:\Users\sang0\Desktop\Java Full Stack\.metadata\.plugins\org.eclipse.swt\EBWebView\Default
2026-08-30 13:16:57.652: [INFO] MostRecentlyActiveProfile: name=Profile 1 path=C:\Users\sang0\Desktop\Java Full Stack\.metadata\.plugins\org.eclipse.swt\EBWebView\Default lastActive=2026-08-30T10:55:58.979Z
2026-08-30 13:16:57.652: [INFO] OnDoneLoading sync enabled: 0
2026-08-30 13:16:57.652: [INFO] BookmarkModelLoaded, ids_reassigned: 0
2026-08-30 13:16:57.652: [INFO] BookmarksLoadDropped droppedNodes=0
2026-08-30 13:16:57.652: [INFO] BookmarksSnapshot Startup total=0 bar=0 other=0 mobile=0 showBar=0 showBarNTP=1
2026-08-30 13:17:48.258: [INFO] BookmarksSnapshot Shutdown total=0 bar=0 other=0 mobile=0 showBar=0 showBarNTP=1
2026-08-30 15:36:08.523: [INFO] CurrentProfilePath: C:\Users\sang0\Desktop\Java Full Stack\.metadata\.plugins\org.eclipse.swt\EBWebView\Default
2026-08-30 15:36:08.523: [INFO] Profiles total count: 1
2026-08-30 15:36:08.524: [INFO] Profile: name=Profile 1 path=C:\Users\sang0\Desktop\Java Full Stack\.metadata\.plugins\org.eclipse.swt\EBWebView\Default lastActive=2026-08-30T13:41:20.712Z
2026-08-30 15:36:08.524: [INFO] LastUsedProfileDir: C:\Users\sang0\Desktop\Java Full Stack\.metadata\.plugins\org.eclipse.swt\EBWebView\Default
2026-08-30 15:36:08.524: [INFO] MostRecentlyActiveProfile: name=Profile 1 path=C:\Users\sang0\Desktop\Java Full Stack\.metadata\.plugins\org.eclipse.swt\EBWebView\Default lastActive=2026-08-30T13:41:20.712Z
2026-08-30 15:36:08.524: [INFO] OnDoneLoading sync enabled: 0
2026-08-30 15:36:08.524: [INFO] BookmarkModelLoaded, ids_reassigned: 0
2026-08-30 15:36:08.524: [INFO] BookmarksLoadDropped droppedNodes=0
2026-08-30 15:36:08.524: [INFO] BookmarksSnapshot Startup total=0 bar=0 other=0 mobile=0 showBar=0 showBarNTP=1
2026-08-30 15:36:15.171: [INFO] BookmarksSnapshot Shutdown total=0 bar=0 other=0 mobile=0 showBar=0 showBarNTP=1
2026-08-31 02:08:38.758: [INFO] CurrentProfilePath: C:\Users\sang0\Desktop\Java Full Stack\.metadata\.plugins\org.eclipse.swt\EBWebView\Default
2026-08-31 02:08:38.758: [INFO] Profiles total count: 1
2026-08-31 02:08:38.758: [INFO] Profile: name=Profile 1 path=C:\Users\sang0\Desktop\Java Full Stack\.metadata\.plugins\org.eclipse.swt\EBWebView\Default lastActive=2026-08-30T13:41:20.712Z
2026-08-31 02:08:38.758: [INFO] LastUsedProfileDir: C:\Users\sang0\Desktop\Java Full Stack\.metadata\.plugins\org.eclipse.swt\EBWebView\Default
2026-08-31 02:08:38.759: [INFO] MostRecentlyActiveProfile: name=Profile 1 path=C:\Users\sang0\Desktop\Java Full Stack\.metadata\.plugins\org.eclipse.swt\EBWebView\Default lastActive=2026-08-30T13:41:20.712Z
2026-08-31 02:08:38.759: [INFO] OnDoneLoading sync enabled: 0
2026-08-31 02:08:38.759: [INFO] BookmarkModelLoaded, ids_reassigned: 0
2026-08-31 02:08:38.759: [INFO] BookmarksLoadDropped droppedNodes=0
2026-08-31 02:08:38.759: [INFO] BookmarksSnapshot Startup total=0 bar=0 other=0 mobile=0 showBar=0 showBarNTP=1
2026-08-31 02:24:05.967: [INFO] BookmarksSnapshot Shutdown total=0 bar=0 other=0 mobile=0 showBar=0 showBarNTP=1
2026-08-31 02:24:23.517: [INFO] CurrentProfilePath: C:\Users\sang0\Desktop\Java Full Stack\.metadata\.plugins\org.eclipse.swt\EBWebView\Default
2026-08-31 02:24:23.517: [INFO] Profiles total count: 1
2026-08-31 02:24:23.517: [INFO] Profile: name=Profile 1 path=C:\Users\sang0\Desktop\Java Full Stack\.metadata\.plugins\org.eclipse.swt\EBWebView\Default lastActive=2026-08-30T13:41:20.712Z
2026-08-31 02:24:23.517: [INFO] LastUsedProfileDir: C:\Users\sang0\Desktop\Java Full Stack\.metadata\.plugins\org.eclipse.swt\EBWebView\Default
2026-08-31 02:24:23.517: [INFO] MostRecentlyActiveProfile: name=Profile 1 path=C:\Users\sang0\Desktop\Java Full Stack\.metadata\.plugins\org.eclipse.swt\EBWebView\Default lastActive=2026-08-30T13:41:20.712Z
2026-08-31 02:24:23.517: [INFO] OnDoneLoading sync enabled: 0
2026-08-31 02:24:23.517: [INFO] BookmarkModelLoaded, ids_reassigned: 0
2026-08-31 02:24:23.517: [INFO] BookmarksLoadDropped droppedNodes=0
2026-08-31 02:24:23.517: [INFO] BookmarksSnapshot Startup total=0 bar=0 other=0 mobile=0 showBar=0 showBarNTP=1
2026-08-31 02:24:59.450: [INFO] BookmarksSnapshot Shutdown total=0 bar=0 other=0 mobile=0 showBar=0 showBarNTP=1
2026-08-31 02:25:24.203: [INFO] CurrentProfilePath: C:\Users\sang0\Desktop\Java Full Stack\.metadata\.plugins\org.eclipse.swt\EBWebView\Default
2026-08-31 02:25:24.203: [INFO] Profiles total count: 1
2026-08-31 02:25:24.203: [INFO] Profile: name=Profile 1 path=C:\Users\sang0\Desktop\Java Full Stack\.metadata\.plugins\org.eclipse.swt\EBWebView\Default lastActive=2026-08-30T13:41:20.712Z
2026-08-31 02:25:24.203: [INFO] LastUsedProfileDir: C:\Users\sang0\Desktop\Java Full Stack\.metadata\.plugins\org.eclipse.swt\EBWebView\Default
2026-08-31 02:25:24.203: [INFO] MostRecentlyActiveProfile: name=Profile 1 path=C:\Users\sang0\Desktop\Java Full Stack\.metadata\.plugins\org.eclipse.swt\EBWebView\Default lastActive=2026-08-30T13:41:20.712Z
2026-08-31 02:25:24.203: [INFO] OnDoneLoading sync enabled: 0
2026-08-31 02:25:24.203: [INFO] BookmarkModelLoaded, ids_reassigned: 0
2026-08-31 02:25:24.203: [INFO] BookmarksLoadDropped droppedNodes=0
2026-08-31 02:25:24.204: [INFO] BookmarksSnapshot Startup total=0 bar=0 other=0 mobile=0 showBar=0 showBarNTP=1
2026-08-31 02:26:37.717: [INFO] BookmarksSnapshot Shutdown total=0 bar=0 other=0 mobile=0 showBar=0 showBarNTP=1
2026-08-31 03:43:33.327: [INFO] CurrentProfilePath: C:\Users\sang0\Desktop\Java Full Stack\.metadata\.plugins\org.eclipse.swt\EBWebView\Default
2026-08-31 03:43:33.327: [INFO] Profiles total count: 1
2026-08-31 03:43:33.328: [INFO] Profile: name=Profile 1 path=C:\Users\sang0\Desktop\Java Full Stack\.metadata\.plugins\org.eclipse.swt\EBWebView\Default lastActive=2026-08-30T13:41:20.712Z
2026-08-31 03:43:33.328: [INFO] LastUsedProfileDir: C:\Users\sang0\Desktop\Java Full Stack\.metadata\.plugins\org.eclipse.swt\EBWebView\Default
2026-08-31 03:43:33.328: [INFO] MostRecentlyActiveProfile: name=Profile 1 path=C:\Users\sang0\Desktop\Java Full Stack\.metadata\.plugins\org.eclipse.swt\EBWebView\Default lastActive=2026-08-30T13:41:20.712Z
2026-08-31 03:43:33.328: [INFO] OnDoneLoading sync enabled: 0
2026-08-31 03:43:33.328: [INFO] BookmarkModelLoaded, ids_reassigned: 0
2026-08-31 03:43:33.328: [INFO] BookmarksLoadDropped droppedNodes=0
2026-08-31 03:43:33.328: [INFO] BookmarksSnapshot Startup total=0 bar=0 other=0 mobile=0 showBar=0 showBarNTP=1
2026-08-31 03:44:02.561: [INFO] BookmarksSnapshot Shutdown total=0 bar=0 other=0 mobile=0 showBar=0 showBarNTP=1
2026-08-31 03:49:11.652: [INFO] CurrentProfilePath: C:\Users\sang0\Desktop\Java Full Stack\.metadata\.plugins\org.eclipse.swt\EBWebView\Default
2026-08-31 03:49:11.652: [INFO] Profiles total count: 1
2026-08-31 03:49:11.653: [INFO] Profile: name=Profile 1 path=C:\Users\sang0\Desktop\Java Full Stack\.metadata\.plugins\org.eclipse.swt\EBWebView\Default lastActive=2026-08-31T03:44:01.807Z
2026-08-31 03:49:11.653: [INFO] LastUsedProfileDir: C:\Users\sang0\Desktop\Java Full Stack\.metadata\.plugins\org.eclipse.swt\EBWebView\Default
2026-08-31 03:49:11.653: [INFO] MostRecentlyActiveProfile: name=Profile 1 path=C:\Users\sang0\Desktop\Java Full Stack\.metadata\.plugins\org.eclipse.swt\EBWebView\Default lastActive=2026-08-31T03:44:01.807Z
2026-08-31 03:49:11.653: [INFO] OnDoneLoading sync enabled: 0
2026-08-31 03:49:11.653: [INFO] BookmarkModelLoaded, ids_reassigned: 0
2026-08-31 03:49:11.653: [INFO] BookmarksLoadDropped droppedNodes=0
2026-08-31 03:49:11.653: [INFO] BookmarksSnapshot Startup total=0 bar=0 other=0 mobile=0 showBar=0 showBarNTP=1
2026-08-31 03:49:31.996: [INFO] BookmarksSnapshot Shutdown total=0 bar=0 other=0 mobile=0 showBar=0 showBarNTP=1
2026-08-31 03:49:49.095: [INFO] CurrentProfilePath: C:\Users\sang0\Desktop\Java Full Stack\.metadata\.plugins\org.eclipse.swt\EBWebView\Default
2026-08-31 03:49:49.095: [INFO] Profiles total count: 1
2026-08-31 03:49:49.095: [INFO] Profile: name=Profile 1 path=C:\Users\sang0\Desktop\Java Full Stack\.metadata\.plugins\org.eclipse.swt\EBWebView\Default lastActive=2026-08-31T03:44:01.807Z
2026-08-31 03:49:49.095: [INFO] LastUsedProfileDir: C:\Users\sang0\Desktop\Java Full Stack\.metadata\.plugins\org.eclipse.swt\EBWebView\Default
2026-08-31 03:49:49.096: [INFO] MostRecentlyActiveProfile: name=Profile 1 path=C:\Users\sang0\Desktop\Java Full Stack\.metadata\.plugins\org.eclipse.swt\EBWebView\Default lastActive=2026-08-31T03:44:01.807Z
2026-08-31 03:49:49.096: [INFO] OnDoneLoading sync enabled: 0
2026-08-31 03:49:49.096: [INFO] BookmarkModelLoaded, ids_reassigned: 0
2026-08-31 03:49:49.096: [INFO] BookmarksLoadDropped droppedNodes=0
2026-08-31 03:49:49.096: [INFO] BookmarksSnapshot Startup total=0 bar=0 other=0 mobile=0 showBar=0 showBarNTP=1
2026-08-31 05:32:26.939: [INFO] BookmarksSnapshot Shutdown total=0 bar=0 other=0 mobile=0 showBar=0 showBarNTP=1
2026-09-01 02:44:45.724: [INFO] CurrentProfilePath: C:\Users\sang0\Desktop\Java Full Stack\.metadata\.plugins\org.eclipse.swt\EBWebView\Default
2026-09-01 02:44:45.724: [INFO] Profiles total count: 1
2026-09-01 02:44:45.724: [INFO] Profile: name=Profile 1 path=C:\Users\sang0\Desktop\Java Full Stack\.metadata\.plugins\org.eclipse.swt\EBWebView\Default lastActive=2026-08-31T03:44:01.807Z
2026-09-01 02:44:45.724: [INFO] LastUsedProfileDir: C:\Users\sang0\Desktop\Java Full Stack\.metadata\.plugins\org.eclipse.swt\EBWebView\Default
2026-09-01 02:44:45.724: [INFO] MostRecentlyActiveProfile: name=Profile 1 path=C:\Users\sang0\Desktop\Java Full Stack\.metadata\.plugins\org.eclipse.swt\EBWebView\Default lastActive=2026-08-31T03:44:01.807Z
2026-09-01 02:44:45.724: [INFO] OnDoneLoading sync enabled: 0
2026-09-01 02:44:45.724: [INFO] BookmarkModelLoaded, ids_reassigned: 0
2026-09-01 02:44:45.724: [INFO] BookmarksLoadDropped droppedNodes=0
2026-09-01 02:44:45.724: [INFO] BookmarksSnapshot Startup total=0 bar=0 other=0 mobile=0 showBar=0 showBarNTP=1
2026-09-01 02:45:27.160: [INFO] BookmarksSnapshot Shutdown total=0 bar=0 other=0 mobile=0 showBar=0 showBarNTP=1
2026-09-01 05:06:08.602: [INFO] CurrentProfilePath: C:\Users\sang0\Desktop\Java Full Stack\.metadata\.plugins\org.eclipse.swt\EBWebView\Default
2026-09-01 05:06:08.602: [INFO] Profiles total count: 1
2026-09-01 05:06:08.603: [INFO] Profile: name=Profile 1 path=C:\Users\sang0\Desktop\Java Full Stack\.metadata\.plugins\org.eclipse.swt\EBWebView\Default lastActive=2026-09-01T02:45:25.962Z
2026-09-01 05:06:08.603: [INFO] LastUsedProfileDir: C:\Users\sang0\Desktop\Java Full Stack\.metadata\.plugins\org.eclipse.swt\EBWebView\Default
2026-09-01 05:06:08.603: [INFO] MostRecentlyActiveProfile: name=Profile 1 path=C:\Users\sang0\Desktop\Java Full Stack\.metadata\.plugins\org.eclipse.swt\EBWebView\Default lastActive=2026-09-01T02:45:25.962Z
2026-09-01 05:06:08.603: [INFO] OnDoneLoading sync enabled: 0
2026-09-01 05:06:08.603: [INFO] BookmarkModelLoaded, ids_reassigned: 0
2026-09-01 05:06:08.603: [INFO] BookmarksLoadDropped droppedNodes=0
2026-09-01 05:06:08.603: [INFO] BookmarksSnapshot Startup total=0 bar=0 other=0 mobile=0 showBar=0 showBarNTP=1
2026-09-01 05:17:29.778: [INFO] BookmarksSnapshot Shutdown total=0 bar=0 other=0 mobile=0 showBar=0 showBarNTP=1
2026-09-10 06:28:24.508: [INFO] CurrentProfilePath: C:\Users\sang0\Desktop\Java Full Stack\.metadata\.plugins\org.eclipse.swt\EBWebView\Default
2026-09-10 06:28:24.508: [INFO] Profiles total count: 1
2026-09-10 06:28:24.508: [INFO] Profile: name=Profile 1 path=C:\Users\sang0\Desktop\Java Full Stack\.metadata\.plugins\org.eclipse.swt\EBWebView\Default lastActive=2026-09-01T05:17:28.109Z
2026-09-10 06:28:24.508: [INFO] LastUsedProfileDir: C:\Users\sang0\Desktop\Java Full Stack\.metadata\.plugins\org.eclipse.swt\EBWebView\Default
2026-09-10 06:28:24.508: [INFO] MostRecentlyActiveProfile: name=Profile 1 path=C:\Users\sang0\Desktop\Java Full Stack\.metadata\.plugins\org.eclipse.swt\EBWebView\Default lastActive=2026-09-01T05:17:28.109Z
2026-09-10 06:28:24.508: [INFO] OnDoneLoading sync enabled: 0
2026-09-10 06:28:24.508: [INFO] BookmarkModelLoaded, ids_reassigned: 0
2026-09-10 06:28:24.508: [INFO] BookmarksLoadDropped droppedNodes=0
2026-09-10 06:28:24.508: [INFO] BookmarksSnapshot Startup total=0 bar=0 other=0 mobile=0 showBar=0 showBarNTP=1
2026-09-10 08:27:18.363: [INFO] BookmarksSnapshot Shutdown total=0 bar=0 other=0 mobile=0 showBar=0 showBarNTP=1
2026-09-11 03:29:01.662: [INFO] CurrentProfilePath: C:\Users\sang0\Desktop\Java Full Stack\.metadata\.plugins\org.eclipse.swt\EBWebView\Default
2026-09-11 03:29:01.662: [INFO] Profiles total count: 1
2026-09-11 03:29:01.662: [INFO] Profile: name=Profile 1 path=C:\Users\sang0\Desktop\Java Full Stack\.metadata\.plugins\org.eclipse.swt\EBWebView\Default lastActive=2026-09-10T08:27:14.859Z
2026-09-11 03:29:01.662: [INFO] LastUsedProfileDir: C:\Users\sang0\Desktop\Java Full Stack\.metadata\.plugins\org.eclipse.swt\EBWebView\Default
2026-09-11 03:29:01.662: [INFO] MostRecentlyActiveProfile: name=Profile 1 path=C:\Users\sang0\Desktop\Java Full Stack\.metadata\.plugins\org.eclipse.swt\EBWebView\Default lastActive=2026-09-10T08:27:14.859Z
2026-09-11 03:29:01.662: [INFO] OnDoneLoading sync enabled: 0
2026-09-11 03:29:01.662: [INFO] BookmarkModelLoaded, ids_reassigned: 0
2026-09-11 03:29:01.662: [INFO] BookmarksLoadDropped droppedNodes=0
2026-09-11 03:29:01.662: [INFO] BookmarksSnapshot Startup total=0 bar=0 other=0 mobile=0 showBar=0 showBarNTP=1
2026-09-11 04:00:10.083: [INFO] BookmarksSnapshot Shutdown total=0 bar=0 other=0 mobile=0 showBar=0 showBarNTP=1
2026-09-11 14:44:34.033: [INFO] CurrentProfilePath: C:\Users\sang0\Desktop\Java Full Stack\.metadata\.plugins\org.eclipse.swt\EBWebView\Default
2026-09-11 14:44:34.033: [INFO] Profiles total count: 1
2026-09-11 14:44:34.033: [INFO] Profile: name=Profile 1 path=C:\Users\sang0\Desktop\Java Full Stack\.metadata\.plugins\org.eclipse.swt\EBWebView\Default lastActive=2026-09-11T04:00:08.616Z
2026-09-11 14:44:34.033: [INFO] LastUsedProfileDir: C:\Users\sang0\Desktop\Java Full Stack\.metadata\.plugins\org.eclipse.swt\EBWebView\Default
2026-09-11 14:44:34.033: [INFO] MostRecentlyActiveProfile: name=Profile 1 path=C:\Users\sang0\Desktop\Java Full Stack\.metadata\.plugins\org.eclipse.swt\EBWebView\Default lastActive=2026-09-11T04:00:08.616Z
2026-09-11 14:44:34.033: [INFO] OnDoneLoading sync enabled: 0
2026-09-11 14:44:34.033: [INFO] BookmarkModelLoaded, ids_reassigned: 0
2026-09-11 14:44:34.033: [INFO] BookmarksLoadDropped droppedNodes=0
2026-09-11 14:44:34.033: [INFO] BookmarksSnapshot Startup total=0 bar=0 other=0 mobile=0 showBar=0 showBarNTP=1
2026-09-11 14:58:54.384: [INFO] BookmarksSnapshot Shutdown total=0 bar=0 other=0 mobile=0 showBar=0 showBarNTP=1
2026-09-17 03:26:00.298: [INFO] CurrentProfilePath: C:\Users\sang0\Desktop\Java Full Stack\.metadata\.plugins\org.eclipse.swt\EBWebView\Default
2026-09-17 03:26:00.298: [INFO] Profiles total count: 1
2026-09-17 03:26:00.298: [INFO] Profile: name=Profile 1 path=C:\Users\sang0\Desktop\Java Full Stack\.metadata\.plugins\org.eclipse.swt\EBWebView\Default lastActive=2026-09-11T04:00:08.616Z
2026-09-17 03:26:00.298: [INFO] LastUsedProfileDir: C:\Users\sang0\Desktop\Java Full Stack\.metadata\.plugins\org.eclipse.swt\EBWebView\Default
2026-09-17 03:26:00.298: [INFO] MostRecentlyActiveProfile: name=Profile 1 path=C:\Users\sang0\Desktop\Java Full Stack\.metadata\.plugins\org.eclipse.swt\EBWebView\Default lastActive=2026-09-11T04:00:08.616Z
2026-09-17 03:26:00.298: [INFO] OnDoneLoading sync enabled: 0
2026-09-17 03:26:00.298: [INFO] BookmarkModelLoaded, ids_reassigned: 0
2026-09-17 03:26:00.298: [INFO] BookmarksLoadDropped droppedNodes=0
2026-09-17 03:26:00.298: [INFO] BookmarksSnapshot Startup total=0 bar=0 other=0 mobile=0 showBar=0 showBarNTP=1
2026-09-17 03:26:10.928: [INFO] BookmarksSnapshot Shutdown total=0 bar=0 other=0 mobile=0 showBar=0 showBarNTP=1
2026-09-20 13:04:21.438: [INFO] CurrentProfilePath: C:\Users\sang0\Desktop\Java Full Stack\.metadata\.plugins\org.eclipse.swt\EBWebView\Default
2026-09-20 13:04:21.438: [INFO] Profiles total count: 1
2026-09-20 13:04:21.438: [INFO] Profile: name=Profile 1 path=C:\Users\sang0\Desktop\Java Full Stack\.metadata\.plugins\org.eclipse.swt\EBWebView\Default lastActive=2026-09-18T12:05:39.011Z
2026-09-20 13:04:21.438: [INFO] LastUsedProfileDir: C:\Users\sang0\Desktop\Java Full Stack\.metadata\.plugins\org.eclipse.swt\EBWebView\Default
2026-09-20 13:04:21.438: [INFO] MostRecentlyActiveProfile: name=Profile 1 path=C:\Users\sang0\Desktop\Java Full Stack\.metadata\.plugins\org.eclipse.swt\EBWebView\Default lastActive=2026-09-18T12:05:39.011Z
2026-09-20 13:04:21.438: [INFO] OnDoneLoading sync enabled: 0
2026-09-20 13:04:21.438: [INFO] BookmarkModelLoaded, ids_reassigned: 0
2026-09-20 13:04:21.438: [INFO] BookmarksLoadDropped droppedNodes=0
2026-09-20 13:04:21.439: [INFO] BookmarksSnapshot Startup total=0 bar=0 other=0 mobile=0 showBar=0 showBarNTP=1
2026-09-20 13:04:33.965: [INFO] BookmarksSnapshot Shutdown total=0 bar=0 other=0 mobile=0 showBar=0 showBarNTP=1
2026-09-21 03:58:31.585: [INFO] CurrentProfilePath: C:\Users\sang0\Desktop\Java Full Stack\.metadata\.plugins\org.eclipse.swt\EBWebView\Default
2026-09-21 03:58:31.585: [INFO] Profiles total count: 1
2026-09-21 03:58:31.587: [INFO] Profile: name=Profile 1 path=C:\Users\sang0\Desktop\Java Full Stack\.metadata\.plugins\org.eclipse.swt\EBWebView\Default lastActive=2026-09-20T13:04:29.821Z
2026-09-21 03:58:31.588: [INFO] LastUsedProfileDir: C:\Users\sang0\Desktop\Java Full Stack\.metadata\.plugins\org.eclipse.swt\EBWebView\Default
2026-09-21 03:58:31.588: [INFO] MostRecentlyActiveProfile: name=Profile 1 path=C:\Users\sang0\Desktop\Java Full Stack\.metadata\.plugins\org.eclipse.swt\EBWebView\Default lastActive=2026-09-20T13:04:29.821Z
2026-09-21 03:58:31.588: [INFO] OnDoneLoading sync enabled: 0
2026-09-21 03:58:31.588: [INFO] BookmarkModelLoaded, ids_reassigned: 0
2026-09-21 03:58:31.588: [INFO] BookmarksLoadDropped droppedNodes=0
2026-09-21 03:58:31.588: [INFO] BookmarksSnapshot Startup total=0 bar=0 other=0 mobile=0 showBar=0 showBarNTP=1
2026-09-21 03:58:38.083: [INFO] BookmarksSnapshot Shutdown total=0 bar=0 other=0 mobile=0 showBar=0 showBarNTP=1
2026-09-21 05:35:46.990: [INFO] CurrentProfilePath: C:\Users\sang0\Desktop\Java Full Stack\.metadata\.plugins\org.eclipse.swt\EBWebView\Default
2026-09-21 05:35:46.990: [INFO] Profiles total count: 1
2026-09-21 05:35:46.990: [INFO] Profile: name=Profile 1 path=C:\Users\sang0\Desktop\Java Full Stack\.metadata\.plugins\org.eclipse.swt\EBWebView\Default lastActive=2026-09-20T13:04:29.821Z
2026-09-21 05:35:46.990: [INFO] LastUsedProfileDir: C:\Users\sang0\Desktop\Java Full Stack\.metadata\.plugins\org.eclipse.swt\EBWebView\Default
2026-09-21 05:35:46.990: [INFO] MostRecentlyActiveProfile: name=Profile 1 path=C:\Users\sang0\Desktop\Java Full Stack\.metadata\.plugins\org.eclipse.swt\EBWebView\Default lastActive=2026-09-20T13:04:29.821Z
2026-09-21 05:35:46.990: [INFO] OnDoneLoading sync enabled: 0
2026-09-21 05:35:46.990: [INFO] BookmarkModelLoaded, ids_reassigned: 0
2026-09-21 05:35:46.990: [INFO] BookmarksLoadDropped droppedNodes=0
2026-09-21 05:35:46.990: [INFO] BookmarksSnapshot Startup total=0 bar=0 other=0 mobile=0 showBar=0 showBarNTP=1
2026-09-21 05:41:16.171: [INFO] BookmarksSnapshot Shutdown total=0 bar=0 other=0 mobile=0 showBar=0 showBarNTP=1
